date,b1,b2,b3,rmse,n_obs,lam
1970-01-01,6.283215805665245,-1.4049040221388909,4.435985075901877,0.07274058737352564,6,0.4
1970-02-01,6.095751327295168,-0.6829471598218457,2.891429897989912,0.031152522552330125,6,0.4
1970-03-01,6.3676354053345126,-0.10365910768084086,2.738889828155845,0.043731043085660816,6,0.4
1970-04-01,6.648849456380751,-0.517951516937913,3.8052288442787052,0.11055947998480818,6,0.4
1970-05-01,7.3054598502481065,-0.02361823942447372,1.9561328915065763,0.09410268986019112,6,0.4
1970-06-01,6.713885373202359,-0.13985104735242748,3.5710700296189097,0.06438515741570607,6,0.4
1970-07-01,6.438519964376535,0.10118622303791946,4.1052081162047385,0.029592256951489704,6,0.4
1970-08-01,6.692085260496704,0.5031009289615326,3.5172583771479906,0.06589103075986825,6,0.4
1970-09-01,6.608545856050582,0.6811905808779635,3.1156109251479207,0.09799278212035054,6,0.4
1970-10-01,6.791544234877444,1.189577076972054,2.8768589094937793,0.09666970755866693,6,0.4
1970-11-01,6.519236866028341,2.127934427995968,1.7149156242686912,0.08580338362458294,6,0.4
1970-12-01,6.533040029803084,2.248863910288835,1.8289551680858658,0.08047683749195099,6,0.4
1971-01-01,5.992171104651756,2.7969395091292837,3.4926387269642145,0.029033435764788784,6,0.4
1971-02-01,6.544741084640135,3.8220357738126642,1.8458902858670188,0.061928868163797134,6,0.4
1971-03-01,6.147231827821936,2.793310197794786,0.3568074704629908,0.03492597082120632,6,0.4
1971-04-01,5.847531520725375,1.9428871464305768,3.5475225533063384,0.05019731596126251,6,0.4
1971-05-01,6.130057375780498,1.7918510037042505,3.0252081769594934,0.02179850408836054,6,0.4
1971-06-01,6.064728698251463,0.43166030682120704,3.423282259952909,0.03530869798701249,6,0.4
1971-07-01,6.007183043874958,0.5829693702753954,4.1817728972683215,0.02741888062780895,6,0.4
1971-08-01,6.038108108540023,1.3604017138812792,2.196120716836185,0.04892586736833757,6,0.4
1971-09-01,5.805491495287852,1.0882094522281511,2.2867142381962635,0.03820716045298109,6,0.4
1971-10-01,5.805580420147122,1.9061936267485171,2.471473243383302,0.05011275744467852,6,0.4
1971-11-01,5.882153962638858,1.8650435716353448,2.4831381945083155,0.06900099853442673,6,0.4
1971-12-01,6.122786167179991,2.31504849062359,1.4681839245359602,0.051558448332987554,6,0.4
1972-01-01,6.085231647764754,2.642997494125373,2.852091941882496,0.03567977798348278,6,0.4
1972-02-01,6.046238455490291,2.5775885785570556,2.644132010990295,0.02848221185617368,6,0.4
1972-03-01,5.924899560919321,1.4718140102401978,2.691392531657593,0.03139745876934122,6,0.4
1972-04-01,6.030883669319873,2.257395456116292,2.9292849453763896,0.022358829814275834,6,0.4
1972-05-01,5.898680915813082,2.0526664471350857,2.7468948012339185,0.02757950993995693,6,0.4
1972-06-01,5.942541518164882,1.3982879848161194,2.3432151599797413,0.017922152027648932,6,0.4
1972-07-01,5.769145351555477,1.7763127464762258,3.4344743291273687,0.02727730220335242,6,0.4
1972-08-01,5.816774494078025,1.1533903180908123,3.2497596816246146,0.08270973018458098,6,0.4
1972-09-01,6.060385239143415,1.0036552183348944,2.202402902421432,0.11543683402474406,6,0.4
1972-10-01,5.728281655788021,1.0053849714863605,3.3412900878737286,0.08751212086450727,6,0.4
1972-11-01,5.599597324146145,0.946020433103545,3.31997220629787,0.07684979721244477,6,0.4
1972-12-01,5.87419962007175,0.7232068270551254,2.5067866217599764,0.06918199402161097,6,0.4
1973-01-01,6.946014331311562,0.8897593817095352,-0.44313455176898103,0.08688617198817113,6,0.4
1973-02-01,6.840924146806612,0.47738417768887015,0.2129344681072738,0.08828798609996759,6,0.4
1973-03-01,6.944800791256424,-0.4023086523890615,-1.1208700475820013,0.032338801565471184,6,0.4
1973-04-01,6.9473198134708785,0.01669228354086405,-0.693070907307593,0.05041185502563988,6,0.4
1973-05-01,7.2801979962209415,-0.1913074838827501,-1.8684267088683877,0.022942899892745103,6,0.4
1973-06-01,7.405298410782837,-0.9687195389444851,-3.0896482334699336,0.02128608764179502,6,0.4
1973-07-01,7.640045121468359,-1.9365912412896074,-2.4281161446703705,0.08008442456443532,6,0.4
1973-08-01,7.6521041175781805,-1.6464598438144935,-3.7341462072801077,0.05377484808732662,6,0.4
1973-09-01,7.4382911899694575,-0.6585452327626548,-3.353689434263168,0.05544239420510846,6,0.4
1973-10-01,7.568437588809776,-0.15961997215043167,-3.0527950762123206,0.0981942229444967,6,0.4
1973-11-01,7.507966831623857,-0.3408401219230335,-3.2356045355154244,0.08195912034736219,6,0.4
1973-12-01,7.768532028699169,-0.12718431680204723,-3.6329256979646516,0.05532241420809526,6,0.4
1974-01-01,7.80187385392059,0.3011493037019797,-2.720122604927134,0.0545822516808227,6,0.4
1974-02-01,7.87278397289091,0.32906976798110343,-2.7307325895617214,0.07907047851017518,6,0.4
1974-03-01,8.040850047948377,-0.9675140850861407,-2.9425906776350126,0.09663864988026953,6,0.4
1974-04-01,8.201947933807697,-1.4961216432126099,-2.715642281447366,0.14943701700006398,6,0.4
1974-05-01,8.14559732461954,-1.1873663171691777,-2.5288105465856066,0.16787009661824362,6,0.4
1974-06-01,8.04654953285872,-1.3369712610074085,-1.6501130772650914,0.1813796388650926,6,0.4
1974-07-01,8.208820745436993,-1.2755676554681203,-1.4641357195275326,0.14792330817672275,6,0.4
1974-08-01,8.794887345557054,-1.8358771903333153,-3.8436197244687413,0.14809867132683968,6,0.4
1974-09-01,8.65963837757131,0.0907060399844728,-2.169531351372387,0.1057700791609558,6,0.4
1974-10-01,8.133445679187563,0.0441830699271934,-0.8158657628348988,0.08801327883144934,6,0.4
1974-11-01,8.200541712583792,0.30842466845532046,-1.8466406574386347,0.03421035890626633,6,0.4
1974-12-01,8.17044033850091,0.5390880105908606,-2.157624072427888,0.08987844211786503,6,0.4
1975-01-01,7.931934417484854,2.03635648033855,0.7805404942139504,0.04564540707652035,6,0.4
1975-02-01,7.925033315000227,2.508031902457674,0.8627475200234378,0.04386582666564365,6,0.4
1975-03-01,8.521359856002233,2.7385401433463405,0.5966989199628857,0.013405742686610204,6,0.4
1975-04-01,8.353483404905223,2.187382919656785,2.4259164684010406,0.06704302303555539,6,0.4
1975-05-01,8.270760067505423,3.059603658095127,2.3198019868929434,0.04058565316676734,6,0.4
1975-06-01,8.097709933499656,1.7834871137196777,1.5033782527234654,0.031304499844731264,6,0.4
1975-07-01,8.290712338614592,1.2883386626061775,1.1588416307400469,0.041433787983231815,6,0.4
1975-08-01,8.4277395561275,1.1357918065789778,0.6358996990986426,0.053719486608849606,6,0.4
1975-09-01,8.54809838663229,1.0257587727802615,1.083385670464997,0.060726857881955185,6,0.4
1975-10-01,8.13466687929495,2.627289396774206,2.228854363010029,0.06758713749070529,6,0.4
1975-11-01,8.351458291372976,2.35725521272085,1.9212066068825213,0.04302396647906129,6,0.4
1975-12-01,8.098591797380351,2.653615814167105,1.7675955081794867,0.049059080420945166,6,0.4
1976-01-01,8.000131512738806,3.416586659842907,3.138564131633595,0.043029009889886415,6,0.4
1976-02-01,8.083520861072587,2.5507634498610496,1.6782967711111574,0.04925385107509399,6,0.4
1976-03-01,7.9548702988692215,2.5390440938186956,1.7534470541889298,0.041314200976066084,6,0.4
1976-04-01,8.148313475464356,2.597228336757869,0.9932684661160364,0.03965801822539653,6,0.4
1976-05-01,8.1956776733332,1.986781652464303,1.4735718030508345,0.058157787679728595,6,0.4
1976-06-01,8.052159084670004,2.1715270653498946,1.6373516232352898,0.04269412011320434,7,0.4
1976-07-01,8.143151448818914,2.7434682505750247,1.7826820067802498,0.02874758768849042,7,0.4
1976-08-01,8.003141667304686,2.761937532046918,1.3255440720239058,0.04167465748157386,7,0.4
1976-09-01,7.978456389615428,2.864840276127771,1.141168230510082,0.030473616965679014,7,0.4
1976-10-01,8.076937526473513,3.2076792964966185,0.4957557884510516,0.03669368289155339,7,0.4
1976-11-01,8.092106758490681,3.447580941164697,-1.589278847672196,0.07996310642815918,7,0.4
1976-12-01,7.5902642765392425,3.2711278090353857,-0.07903606291418169,0.03171968181687839,7,0.4
1977-01-01,7.823079066119257,2.900376848653187,1.1615338330946452,0.05032150317182999,7,0.4
1977-02-01,7.956863857998506,3.1366473847364933,1.2359714410784164,0.013509538380030509,8,0.4
1977-03-01,7.941535238517563,3.332720572813709,1.4459288681087492,0.01669354877421238,8,0.4
1977-04-01,7.981851965020687,3.0510481275643664,0.9421762818832389,0.023147285291091228,8,0.4
1977-05-01,7.97097146993148,2.616762580749125,0.16083697253418663,0.02006147342540345,8,0.4
1977-06-01,7.839864307982658,2.570759042971277,-0.007965492433921056,0.028168894711688625,8,0.4
1977-07-01,7.9043606485475655,2.0835819751460143,0.13981902098784926,0.019226732584787548,8,0.4
1977-08-01,7.769775672620191,1.6139382530173896,-0.39616072672149427,0.014099879099730386,8,0.4
1977-09-01,7.829049230936071,1.3274845105128075,-0.4402900883588423,0.007721989124781408,8,0.4
1977-10-01,7.895026990601991,0.9829676376339713,-0.053760316986995606,0.021281553596261226,8,0.4
1977-11-01,7.922977256518993,1.1306425737603722,-0.26430404887630227,0.02471787640835758,8,0.4
1977-12-01,8.138431375425462,1.375130957650505,0.0017607276245315687,0.01898647706532816,8,0.4
1978-01-01,8.303258440896307,1.193228631381129,-0.2016470993068507,0.02361494506249715,8,0.4
1978-02-01,8.321430325709633,1.2165713333668862,0.21605817846734085,0.024384307102935637,8,0.4
1978-03-01,8.408134176580434,1.1254930953479667,0.17103065667068434,0.022025740753000372,8,0.4
1978-04-01,8.445662597417241,0.8575642238027478,0.10631224957202867,0.039987109694816225,8,0.4
1978-05-01,8.544591837075396,0.7565044476278971,0.27494247866299365,0.018450720185947383,8,0.4
1978-06-01,8.67337989716079,0.3180048343677962,-0.013342693065893129,0.03616654410261678,8,0.4
1978-07-01,8.59291946684713,0.2787219589491762,0.04818393811765461,0.03633711933292198,8,0.4
1978-08-01,8.473331839285057,-0.07630476556322505,-0.35682014006541757,0.019826077767821693,8,0.4
1978-09-01,8.718720402209136,-0.3193901839872949,-1.1715185515315167,0.04030758978861147,8,0.4
1978-10-01,8.882777741360632,-1.4456697959961349,-1.3307329955206497,0.03828140656010856,8,0.4
1978-11-01,8.897649956078181,-1.8435927931759006,-2.4960972630785845,0.059882902363636734,8,0.4
1978-12-01,8.996342583496803,-2.2196552274495476,-2.1073868192962193,0.06380052139471859,8,0.4
1979-01-01,9.000088810674036,-1.8229403660099945,-2.6990009168623406,0.0769705682211492,8,0.4
1979-02-01,9.16474203395127,-1.7725243027556474,-2.169476818370043,0.06188915173873773,8,0.4
1979-03-01,9.122527396945573,-1.6016410376952417,-2.1013949885008114,0.0615198941604083,8,0.4
1979-04-01,9.317504868154236,-1.5027593384052387,-1.9537742808417482,0.06440266256749437,8,0.4
1979-05-01,9.211744795631583,-1.2669560096344081,-2.34760650849711,0.04693973415064584,8,0.4
1979-06-01,8.984707204775951,-0.7804218322729566,-2.008571369008729,0.06508090722798664,8,0.4
1979-07-01,9.111781607059735,-1.0314930941003522,-1.912917453036387,0.07256951223951348,8,0.4
1979-08-01,9.139790291497143,-1.7673235226164559,-1.8500495446249063,0.0716824594908078,8,0.4
1979-09-01,9.375017812071565,-2.0747488547461583,-2.546990549149059,0.09105110869473917,8,0.4
1979-10-01,10.121007710798498,-3.5112929842203133,-1.530745608268067,0.08562793607203172,8,0.4
1979-11-01,10.14693214791314,-2.4697166899250487,-2.389416205132308,0.12203655999597461,8,0.4
1979-12-01,10.201488384061841,-2.2365979899432706,-2.4628067929431894,0.09940917900544984,8,0.4
1980-01-01,11.340468616535537,-1.8021308393872104,-3.4213348309967473,0.11692381610572009,8,0.4
1980-02-01,11.89083843418825,-4.558321394667594,-1.4242152711218483,0.0917282613917866,8,0.4
1980-03-01,12.365873453504966,-4.886923515026012,-4.494386922879953,0.12355787959227502,8,0.4
1980-04-01,11.040633565255343,-0.2904392184601743,-1.5161926545218583,0.06889874185303133,8,0.4
1980-05-01,10.583064416471169,2.3258211324134743,0.8619696187665631,0.08574666837258567,8,0.4
1980-06-01,10.158326622753133,2.2770603666401543,1.371397000120089,0.08461218701652519,8,0.4
1980-07-01,11.001811393111721,2.0459033423929514,0.3751010911565021,0.08518623146554179,8,0.4
1980-08-01,11.159555840783645,0.45959710443668594,2.2417656960114045,0.029340306349616114,8,0.4
1980-09-01,11.743683599666713,-0.7390788519325298,-0.46439575572242003,0.039421325337874125,8,0.4
1980-10-01,12.271802153366583,-1.9527898529205097,-1.4580495315367634,0.09091739593832746,8,0.4
1980-11-01,12.271266400429798,-3.8368186274240412,-2.6919432277003357,0.08232272161577897,8,0.4
1980-12-01,11.997395142812254,-2.304675655586933,-1.351974133633542,0.12754993959389013,8,0.4
1981-01-01,12.360118185482023,-2.0858781804289195,-1.5103463138180093,0.11802078477340272,8,0.4
1981-02-01,12.901249100694441,-1.922764831938534,-0.027694738162632213,0.08022134329819401,8,0.4
1981-03-01,12.506248668592294,-0.10026945106393037,2.6938070646917542,0.05760157385016107,8,0.4
1981-04-01,13.579054014808625,-2.0375556423366925,-0.11880281480897288,0.06985601496378985,8,0.4
1981-05-01,12.924037242016464,-2.2146842484278078,0.1743573638458898,0.06185177275455679,8,0.4
1981-06-01,13.115578038849444,-1.851961041921728,1.2992392317709733,0.05146482184451003,8,0.4
1981-07-01,13.727606433465814,-2.691346291619578,1.1267401891274886,0.05555961122167503,8,0.4
1981-08-01,14.564275491740041,-2.7513915683371297,0.9229659761573628,0.07529236560714188,8,0.4
1981-09-01,14.802347490661562,-0.7865794850768966,4.438595013708491,0.33940865688016875,10,0.4
1981-10-01,14.223560824707397,0.7521859397057291,3.1659014887144097,0.16681333996630304,10,0.4
1981-11-01,12.808581828645242,1.9934664918953269,3.453802598752401,0.16572821996203277,10,0.4
1981-12-01,13.38794672620413,1.4137156805417006,4.680473674207997,0.3246153474258904,10,0.4
1982-01-01,13.743797180238884,0.432963956977509,2.7063578092882445,0.17999091419219096,10,0.4
1982-02-01,13.547131627191003,0.029260266173902205,2.8042938790071195,0.2983995801798597,10,0.4
1982-03-01,13.437541012843171,-0.5546048217782893,2.6802251847069294,0.05750484679939592,10,0.4
1982-04-01,13.158968963271565,-0.01584219416199384,2.896989469507699,0.0887912643753499,10,0.4
1982-05-01,13.091885341100676,1.1294339319762734,4.454398294417479,0.14332686360267954,10,0.4
1982-06-01,13.54691488271306,0.02138613508259435,4.276068421955642,0.16464809999642926,10,0.4
1982-07-01,12.986059125755952,2.1514036133246552,6.176755856802986,0.2943128601864155,10,0.4
1982-08-01,11.952623293890529,3.0098121715324813,7.656581267623533,0.32936247482260556,10,0.4
1982-09-01,11.070105340790773,3.169116502094604,7.628743102422772,0.37856212497840525,10,0.4
1982-10-01,10.741258372819665,2.635127638380105,3.472200170591284,0.14026889969682188,10,0.4
1982-11-01,10.694973247454437,2.180007233375667,2.5730305664433963,0.10156645506497192,10,0.4
1982-12-01,10.494790985864508,2.539776923010446,2.4977651752549526,0.0774822523049389,10,0.4
1983-01-01,11.180157568495625,3.016251156326884,1.7439591344004162,0.06450578321127631,10,0.4
1983-02-01,10.673525365612813,2.6320677463490845,1.203182923064904,0.08514707234187821,10,0.4
1983-03-01,10.818250380154563,1.969818900778585,1.3001820894698908,0.06376025350825852,10,0.4
1983-04-01,10.530765227376007,2.338072525854671,1.4325783240892696,0.0583079232880864,10,0.4
1983-05-01,11.080158763167523,2.217750712716033,1.5612107690847137,0.06561493219820289,10,0.4
1983-06-01,11.081032455584163,2.0539268819625125,1.976386072653431,0.06415430123451772,10,0.4
1983-07-01,11.792815769994585,2.281366314730522,2.8022399472545207,0.10384021725761221,10,0.4
1983-08-01,11.916164729249957,2.326334936592687,3.16541047965926,0.10512652286476579,10,0.4
1983-09-01,11.445473492484787,2.5597554211143043,3.063325008410104,0.07912089851616352,10,0.4
1983-10-01,11.760282260006774,3.1013863034578844,3.5506154074141394,0.08781923689633994,10,0.4
1983-11-01,11.691798531035314,2.6229046632518864,2.850391719056561,0.06439352932506079,10,0.4
1983-12-01,11.851632321073557,2.7075351358230018,3.0980728656497605,0.0635589268436707,10,0.4
1984-01-01,11.813421360269466,2.789107514943862,2.5219026746266784,0.03724641698121717,10,0.4
1984-02-01,12.159045469634275,2.8539743196134975,2.7970386084069983,0.06327597647578401,10,0.4
1984-03-01,12.41777763807586,2.5257688695019116,3.3173607304709547,0.05830071247447921,10,0.4
1984-04-01,12.704156103801427,2.794214376191503,3.898725592681149,0.09421840354255337,10,0.4
1984-05-01,13.411517737700335,3.1511999347007436,6.247648859313546,0.2655443558482804,10,0.4
1984-06-01,13.173001864653074,2.8471864361629216,6.744642993280971,0.2659558866300285,10,0.4
1984-07-01,12.610485360810642,1.7741126347500584,3.809681900048108,0.1542990152245797,10,0.4
1984-08-01,12.280909273899164,1.2794405566272051,3.901230433522217,0.1129983685592443,10,0.4
1984-09-01,12.029376650951226,1.5158213338191788,3.9389338268367906,0.07994549012780083,10,0.4
1984-10-01,11.42989438112013,2.218906210655233,4.1388163307776145,0.10265147032256633,10,0.4
1984-11-01,11.523903712213963,2.9845576710986066,3.787118057604974,0.07734902155801719,10,0.4
1984-12-01,11.56945420701489,3.704372266834596,4.067567418855904,0.07321268075425122,10,0.4
1985-01-01,11.214112580186791,3.1860025133812053,3.390584923771637,0.042939085319079424,10,0.4
1985-02-01,11.932700302029957,3.3594079615573067,3.8320900119296,0.08457013056957662,10,0.4
1985-03-01,11.659098661023753,3.3764322248001175,3.9555569526877856,0.10276034041352433,10,0.4
1985-04-01,11.597403866309602,3.7587628662164834,3.446081163989603,0.07416343592318461,10,0.4
1985-05-01,10.767515119212295,3.6653220656152388,2.121306014877907,0.09030836191113825,10,0.4
1985-06-01,10.670902753889887,3.948161756947619,2.54531815067067,0.0702328748387468,10,0.4
1985-07-01,10.916288288801255,3.7101916763491616,2.4983851599628073,0.07667123048150887,10,0.4
1985-08-01,10.64975769015189,3.5292644985272745,2.481378531234221,0.09098485506984755,10,0.4
1985-09-01,10.759421157416382,3.804747025286115,2.453170553673458,0.09072352947165238,10,0.4
1985-10-01,10.521700731183053,3.328246793999131,1.545035615470505,0.0780652838463787,10,0.4
1985-11-01,10.146454583955817,2.9058780266807527,0.9153147890649503,0.08430925208824143,10,0.4
1985-12-01,9.613378387198878,2.4351144774861346,0.06405874665479053,0.08306536474370965,10,0.4
1986-01-01,9.633529721573012,2.5354241448267687,0.27755656663510364,0.06509050618582757,10,0.4
1986-02-01,8.378293736544718,1.1756334998024163,0.29208485636926895,0.041118769798118154,10,0.4
1986-03-01,7.511760302496308,1.0548556452359077,0.4355428935421139,0.029522571679813144,10,0.4
1986-04-01,7.5584859390215104,1.3421459949467895,0.7161192459660041,0.03754632608439701,10,0.4
1986-05-01,7.7235728226148845,1.4409562468108033,2.62807934692173,0.05602868894966087,10,0.4
1986-06-01,7.2094478004379186,1.2640048227795706,1.8874316542379117,0.02319666586811975,10,0.4
1986-07-01,7.533552029341076,1.7223991668974588,0.901722917252233,0.02543376995279777,10,0.4
1986-08-01,7.40170378671121,2.2435471251940373,0.16626531099592196,0.04564305770065245,10,0.4
1986-09-01,7.677552145721168,2.496080155350727,1.5756624332506535,0.04260921735362953,10,0.4
1986-10-01,7.765784626317795,2.5690365286994514,0.7300772059236337,0.04924469270379896,10,0.4
1986-11-01,7.562883547610225,2.1645238409582626,0.3421840098091802,0.048142018949365234,10,0.4
1986-12-01,7.639183316825479,1.9742267593169074,0.21676126904027135,0.043662926657162524,10,0.4
1987-01-01,7.64635699975373,2.0034201530684337,0.007031758107760844,0.03915160484653034,10,0.4
1987-02-01,7.60649504881522,2.1260467492001904,0.41093613442139015,0.04940501744130814,10,0.4
1987-03-01,7.962303300980459,2.2418094922407814,0.336574958072335,0.040668783856597786,9,0.4
1987-04-01,8.329867418441456,2.6493660712394327,2.684913353994809,0.14361224926521254,9,0.4
1987-05-01,8.473256921245461,2.627747191707945,3.252995820557147,0.15290234359140134,9,0.4
1987-06-01,8.391476616170063,2.6501377566676148,3.0276640426286905,0.10415975875831886,9,0.4
1987-07-01,8.875911340468496,2.819485448469779,2.2439731574612614,0.08076627955895734,9,0.4
1987-08-01,9.113502510728054,2.8889889965869733,2.73651203218897,0.10365533999845382,9,0.4
1987-09-01,9.657257462409895,2.969087351359507,3.3580218223685323,0.12967908288627314,9,0.4
1987-10-01,8.913780058157702,3.4836021138734723,3.777586852772473,0.15908877369761745,9,0.4
1987-11-01,8.961619393380928,3.441208328832771,3.9464053077935595,0.21700363063542444,9,0.4
1987-12-01,8.833024376454011,2.9907182373042747,3.326859050384184,0.15809693586352433,9,0.4
1988-01-01,8.430831395631264,2.635955126414668,2.0304297593154104,0.10162989743475281,9,0.4
1988-02-01,8.417762629903333,2.7095786858493263,1.7816076259313727,0.10217706543815461,9,0.4
1988-03-01,8.845508808950761,3.055338474131684,2.1697514984696986,0.0962732966180251,9,0.4
1988-04-01,9.11986285775848,2.988909358888209,2.1551929457055192,0.11683924517084544,9,0.4
1988-05-01,9.255881952840062,2.6037648627931507,2.528515478241367,0.12036655483914922,9,0.4
1988-06-01,8.834422800841036,2.1666129857864123,2.2125079635477634,0.0874032066488961,9,0.4
1988-07-01,9.179722891757258,2.0514508204909143,1.9881955182079516,0.0927369849415476,9,0.4
1988-08-01,9.214059167831019,1.6726980521006642,2.0168940759834104,0.10925725731150814,9,0.4
1988-09-01,8.919451422260497,1.369160610837094,1.3595665217412038,0.1023187345714182,9,0.4
1988-10-01,8.746108388221451,1.0634311283727955,0.6357189839837477,0.07710818548787161,9,0.4
1988-11-01,8.983252075433503,0.8106108718851965,1.2740733319144728,0.08907255415885418,9,0.4
1988-12-01,8.791955170197806,0.34492847269277993,2.0432470342630626,0.10827670187837508,9,0.4
1989-01-01,8.680008152660129,-0.07112417489192413,1.4024376424656608,0.06218534721708915,9,0.4
1989-02-01,8.953479705439385,-0.13402876843556488,1.5687382251692945,0.07499492334787271,9,0.4
1989-03-01,8.839866802107498,-0.5251612377141008,1.7329206854391173,0.09847228813097438,9,0.4
1989-04-01,8.740140540542031,-0.0994234181615376,1.2225572113916976,0.09407317970026417,9,0.4
1989-05-01,8.559616860540675,-0.3858395612787887,-0.14480763531638938,0.02355812976386843,9,0.4
1989-06-01,8.109385318766309,-0.10694588684165368,-0.35166082918169417,0.03874409623289699,9,0.4
1989-07-01,8.158447416900103,0.1729308416700991,-1.7408273625923543,0.07786957994938258,9,0.4
1989-08-01,8.11062567846183,-0.06030340519866739,0.6979521528680347,0.04822955354120675,9,0.4
1989-09-01,8.116500803483632,-0.14307428171696657,0.8631026683281317,0.06342229172063334,9,0.4
1989-10-01,7.982189008733501,-0.03074951928963679,-0.4170210837027514,0.03892919033808182,9,0.4
1989-11-01,7.9709569783345495,0.15856671971175684,-0.4661111506129947,0.027663617643218678,9,0.4
1989-12-01,8.009548241463389,0.20684781996823037,-0.07777963099609919,0.036812292100358156,9,0.4
1990-01-01,8.442286223385262,0.4510273751661571,0.45952800169674723,0.04000647501789652,9,0.4
1990-02-01,8.492417511993974,0.49462238434814365,0.754677797665455,0.05171597053333036,9,0.4
1990-03-01,8.491003474118441,0.4343743637839543,1.4163308891244015,0.061212825835223104,9,0.4
1990-04-01,8.800372139111271,0.6932923836035073,2.0925005276917585,0.09664043670098757,9,0.4
1990-05-01,8.49674338246022,0.5353368534526235,1.1786097566277265,0.040406680701103224,9,0.4
1990-06-01,8.40354337697806,0.48679552305874374,0.6543197549443899,0.028302341100606202,9,0.4
1990-07-01,8.52171604154462,0.8904794327993591,0.07152220819679121,0.041593199367419086,9,0.4
1990-08-01,9.14722818340811,1.6431690797513285,0.32647429934710465,0.051723105502562254,9,0.4
1990-09-01,9.071517680629746,1.8040593126441853,0.7427978173747739,0.03343469656173346,9,0.4
1990-10-01,8.973198139782024,1.76662005013626,0.17836195310293643,0.0627748956987504,9,0.4
1990-11-01,8.590529395827357,1.4335791756001093,-0.12783754399274086,0.06256954793238767,9,0.4
1990-12-01,8.431637946576812,1.9586988504894045,0.44687524092521186,0.05158222793130258,9,0.4
1991-01-01,8.36639085974625,2.200146638994257,0.7582543267409846,0.06481361276711992,9,0.4
1991-02-01,8.310338572223246,2.3346274284478667,1.1862462779145317,0.06413000837576964,9,0.4
1991-03-01,8.285458443572935,2.647833118555698,1.9821197566211166,0.05672963986745848,9,0.4
1991-04-01,8.287832938454098,2.9117558405030715,1.9887867429822412,0.05308557908093968,9,0.4
1991-05-01,8.410268248858024,2.9521229003626646,1.617241755654224,0.05698436710621616,9,0.4
1991-06-01,8.492128091558651,3.049221133288044,2.2937030383797534,0.029416471130036103,9,0.4
1991-07-01,8.490496875283844,3.060765495246775,1.916871130646125,0.04136747615367006,9,0.4
1991-08-01,8.30967110114233,3.141806364839109,1.0748841592588165,0.09571414590549333,9,0.4
1991-09-01,8.136770021874769,3.1619695110359696,0.31055801248333964,0.09481552999123159,9,0.4
1991-10-01,8.324769683623074,3.6664113522115587,-0.1714871177093232,0.09995078396860156,9,0.4
1991-11-01,8.414303874736094,4.248464770088589,-0.3648109552799158,0.09180404724970413,9,0.4
1991-12-01,7.893393574720955,4.2426601403249125,-0.7263156058754477,0.09651436751699384,9,0.4
1992-01-01,8.187427382353519,4.6663247635821055,0.7779486035751866,0.11039197584951356,9,0.4
1992-02-01,8.1344745090137,4.520936400791458,1.039683278566913,0.0969073282106378,9,0.4
1992-03-01,8.182765934588968,4.490268484664298,2.069285611950176,0.10393797711164267,9,0.4
1992-04-01,8.294705041179132,4.972483198754293,2.345788941925274,0.07070131736064601,9,0.4
1992-05-01,8.158625317083324,4.799234381349896,1.4879989832275418,0.0857984706633409,9,0.4
1992-06-01,8.238509794191309,4.982629089857786,0.40373143150940044,0.08679722494428305,9,0.4
1992-07-01,7.923555256548011,5.034789695138721,0.023939380563127464,0.07636148076819203,9,0.4
1992-08-01,8.028504130100755,5.138474118090165,-0.9527052950793251,0.11027837694488728,9,0.4
1992-09-01,8.012968523544892,5.581215816872862,-1.2098020013681519,0.09844085788989641,9,0.4
1992-10-01,8.085603514925959,5.380414474787451,0.1935653954430655,0.06388020430300842,9,0.4
1992-11-01,7.923689100301946,4.944978930448911,1.1687660929170423,0.08381745409272917,9,0.4
1992-12-01,7.730973429365976,4.971125382903484,1.1311814743190858,0.0918388916115243,9,0.4
1993-01-01,7.63549614782908,4.985761827326418,0.032796393219338735,0.06234871654005633,9,0.4
1993-02-01,7.400493820953241,4.651351353861991,-0.9157723207451204,0.06937334154850532,9,0.4
1993-03-01,7.390396438220045,4.705569462178725,-0.6468293194441679,0.06151390271271703,9,0.4
1993-04-01,7.502569683476892,4.796252182129758,-1.2452797765473755,0.06853458767459833,9,0.4
1993-05-01,7.379744075502619,4.453146150068326,-0.40352880061800145,0.026659424228607932,9,0.4
1993-06-01,7.085128723120675,4.174423768335485,-0.8920472823509482,0.03427085037703516,9,0.4
1993-07-01,6.904116478013528,3.9950532575710755,-0.21566968206204415,0.030166571685246318,9,0.4
1993-08-01,6.440812665756203,3.535741209358478,-0.5407235789669503,0.031086947445093313,9,0.4
1993-09-01,6.330000249466832,3.517764242992781,-0.1405183577230913,0.016830298742501224,9,0.4
1993-10-01,6.4011949575620095,3.4527265362878072,-0.2624883985838911,0.07704931916037265,10,0.4
1993-11-01,6.743079490444713,3.722422210259447,0.0662232534152999,0.07559145273692051,10,0.4
1993-12-01,6.743260345299942,3.8496305872232615,0.39480387454166344,0.07062049565928442,10,0.4
1994-01-01,6.624857846457825,3.740381158712031,0.04150938536990453,0.055154536498780035,10,0.4
1994-02-01,6.983900884699503,3.695770551684332,0.7294809779615733,0.06063829936172222,10,0.4
1994-03-01,7.294821560045806,3.942483236592816,2.331241995502195,0.07422860132248323,10,0.4
1994-04-01,7.384234748458751,3.5355984637689395,2.8438940061401694,0.1077337823367707,10,0.4
1994-05-01,7.520139647154804,3.24270381064332,2.455718432048214,0.12803144184345558,10,0.4
1994-06-01,7.647316332639213,3.426762936305715,2.995970401465285,0.15218658582706934,10,0.4
1994-07-01,7.442694881986832,3.1148281757426197,2.3470626470111617,0.10876183459149205,10,0.4
1994-08-01,7.5565424835046535,2.9634293691941935,2.043024118597996,0.11229390967638121,10,0.4
1994-09-01,7.831959534838414,3.0245574426963384,2.8761033285709536,0.15234050115040107,10,0.4
1994-10-01,7.984700709492392,2.8310306818924795,2.6674206623680727,0.11634991524824968,10,0.4
1994-11-01,7.8163183609765,2.0605595076463783,3.3049380281363456,0.17625881946080468,10,0.4
1994-12-01,7.582749021196114,1.6582985403377768,3.885768119996408,0.2669614725809274,10,0.4
1995-01-01,7.59996598773964,1.5635003243055405,2.3251493036792716,0.13147077906326135,10,0.4
1995-02-01,7.5285307667969175,1.574575124901438,0.8771094511145258,0.09369515923565087,10,0.4
1995-03-01,7.459978965986031,1.5619040423738477,1.1745875732660087,0.10425159572351746,10,0.4
1995-04-01,7.431427130663177,1.5417854914214746,0.503231395867298,0.08355896911882087,10,0.4
1995-05-01,6.9133622907178465,1.086264958798345,-1.2577472569980437,0.043027483019985074,10,0.4
1995-06-01,6.8334455292545595,1.2418542724516262,-1.0019844046258501,0.048061296295458515,10,0.4
1995-07-01,7.085586707230498,1.5220003401286266,-0.8156848442137016,0.04483090490768815,10,0.4
1995-08-01,6.82751795963972,1.374385644258237,-0.442768479457717,0.06330178876553126,10,0.4
1995-09-01,6.649196636245568,1.1951930912025825,-0.3127407148427576,0.07550479151172057,10,0.4
1995-10-01,6.55738173983734,1.0462454181043401,-0.9752666892438138,0.041140649454437114,10,0.4
1995-11-01,6.43381534914046,0.9323249142258987,-1.7266268671503318,0.046379579678619484,10,0.4
1995-12-01,6.196314595695821,1.0370759556105704,-1.2654837849206526,0.04721253009591257,10,0.4
1996-01-01,6.391617684129304,1.385090457965742,-1.889300916771479,0.05471271962360569,10,0.4
1996-02-01,6.747790163315799,1.7702217607640585,-0.6160588112843559,0.0571147856213925,10,0.4
1996-03-01,6.859148171726912,1.8061217871685367,0.23908661691494432,0.08260341502358776,10,0.4
1996-04-01,7.023437031010419,1.9552665019060025,0.9656749884268693,0.08445878355122625,10,0.4
1996-05-01,7.0445028362117545,1.9632646689486961,1.748399744985188,0.09577942955856009,10,0.4
1996-06-01,6.978651153943822,1.8642844888914472,1.245046761434299,0.08022329908172388,10,0.4
1996-07-01,7.031073468999847,1.7787479336645797,1.2357820011428535,0.07979998726880294,10,0.4
1996-08-01,7.1837007461574744,1.9659205218013023,1.5785820187277033,0.09472566893506594,10,0.4
1996-09-01,7.01131142281125,1.9053985489372376,1.1602772713325165,0.08820974199500022,10,0.4
1996-10-01,6.823441465065401,1.6985792424330335,0.14576289558726468,0.057190286321280016,10,0.4
1996-11-01,6.5279240292942315,1.3962108840525638,-0.17894338689035527,0.05956267253822325,10,0.4
1996-12-01,6.753453090114072,1.6202112780100606,0.649526235459393,0.054866118059203245,10,0.4
1997-01-01,6.901126617078313,1.8031068527606924,0.660338084320246,0.07290128674593474,10,0.4
1997-02-01,6.858787162512968,1.691016735982639,1.0588852341049384,0.08630291791106821,10,0.4
1997-03-01,7.0868676873798835,1.7942691102122497,1.81005719187655,0.10796018025888918,10,0.4
1997-04-01,6.959330163494057,1.6846095448120293,1.3847161905330367,0.10615134594604293,10,0.4
1997-05-01,6.881353465842915,1.8249222444732103,1.7184653636690108,0.1419193072225927,10,0.4
1997-06-01,6.818789466312346,1.657197785218381,1.122235287539404,0.08880934147478141,10,0.4
1997-07-01,6.377780742316555,1.1509727129326823,0.17502666557753532,0.06577060329605161,10,0.4
1997-08-01,6.659197575434225,1.4604075373414438,0.7958978537415607,0.07975502811952061,10,0.4
1997-09-01,6.454166565147537,1.37266350773665,0.6395952989358757,0.08706088176202985,10,0.4
1997-10-01,6.241552749166155,1.0243064717352466,-0.05809025493307082,0.07343153203148281,10,0.4
1997-11-01,6.048865087058968,0.7783938303847329,0.5558945241286711,0.07787110144226164,10,0.4
1997-12-01,5.994108709126538,0.6084573898273051,0.026039859127488463,0.056836675090615164,10,0.4
1998-01-01,5.978171459125056,0.7499672341250518,-0.788464630179167,0.04735220280463791,10,0.4
1998-02-01,6.013630986545523,0.6801306455293004,-0.36752571919493693,0.06689040408778225,10,0.4
1998-03-01,5.986495921880609,0.7879448127897634,0.14991864811721797,0.0814962507528264,10,0.4
1998-04-01,5.975881070231699,0.8812016567123953,0.39160675438129655,0.10096325075729233,10,0.4
1998-05-01,5.838291925752906,0.6619469314944452,0.19404108985668173,0.10278225494711545,10,0.4
1998-06-01,5.632035116743039,0.45792518990351555,0.29149812633756605,0.08399537998539941,10,0.4
1998-07-01,5.748677317367343,0.5895051132474736,0.18374364526485545,0.08069575733059894,10,0.4
1998-08-01,5.542641924816313,0.48500704625335367,-1.3645709323936994,0.06249480737438342,10,0.4
1998-09-01,5.339626553411129,0.7559765195670602,-2.454185503507845,0.11101366911257765,10,0.4
1998-10-01,5.643363754658905,1.2094451811295914,-2.790794748489618,0.10130192595678016,10,0.4
1998-11-01,5.412808430878998,0.7615021836041276,-1.6901672430240429,0.09411172191613784,10,0.4
1998-12-01,5.408688693234973,0.8192851442592326,-1.5302949897352922,0.1224064947896383,10,0.4
1999-01-01,5.371826702565015,0.8229566230661869,-1.3663279277193476,0.1159892617537111,10,0.4
1999-02-01,5.746099698385317,1.0984838398486088,0.03465803585383027,0.11477651821099143,10,0.4
1999-03-01,5.8526275994009165,1.383252731144535,-0.14813816271019775,0.1277565818817178,10,0.4
1999-04-01,5.872033842953317,1.3288979910464414,0.019724839173414638,0.11077017640063343,10,0.4
1999-05-01,5.949600108567159,1.3473090430256445,1.060768082686908,0.12143203054429834,10,0.4
1999-06-01,6.133003185002926,1.3634811197359509,0.7795989423281168,0.12028841881094363,10,0.4
1999-07-01,6.205096461526032,1.5613877810898436,1.3432576369113216,0.12232879114262826,10,0.4
1999-08-01,6.233911144668764,1.2958710953596397,1.1162653531840911,0.136142286518262,10,0.4
1999-09-01,6.240689320307066,1.4336972353891004,0.9594559272713735,0.1389713937598904,10,0.4
1999-10-01,6.298059686368793,1.2245196030306666,0.9561198698422771,0.1191616515603175,10,0.4
1999-11-01,6.407701452691676,1.065276297562327,0.851226059533711,0.11878675782103705,10,0.4
1999-12-01,6.556792385777573,1.126109727893359,1.382249118254602,0.1393647399850895,10,0.4
2000-01-01,6.388550324845728,0.663232903257973,2.3063550783960847,0.08289986270568189,10,0.4
2000-02-01,6.019905406507142,0.29376813857289913,2.611968893198503,0.07894446686499897,10,0.4
2000-03-01,5.7118223539027895,-0.24857004618295087,1.9368562451882232,0.12135872020568943,10,0.4
2000-04-01,5.758042882486625,-0.07030007873147304,2.8184696720862186,0.12016914176209725,10,0.4
2000-05-01,5.8420618184988005,-0.025727424576263203,2.719546281239974,0.18562223184628854,10,0.4
2000-06-01,5.885259978302514,-0.09909362746755118,1.1760527202216657,0.1265169941471889,10,0.4
2000-07-01,5.854266007543706,-0.41279317780734537,0.5131477624578846,0.1072008224078877,10,0.4
2000-08-01,5.713725213929079,-0.6713838339796687,-0.06126685899442622,0.08166460164835504,10,0.4
2000-09-01,6.0645036409440545,-0.25668209435237643,-1.054039333607094,0.07895773040240585,10,0.4
2000-10-01,5.985174411856864,-0.4643657561498984,-1.26963525194737,0.07384784275479367,10,0.4
2000-11-01,5.865001591088175,-0.4841842028935871,-2.168106382942125,0.0677180573242064,10,0.4
2000-12-01,5.829897043105744,-0.11061950847907487,-3.014345350021244,0.0914847675864126,10,0.4
2001-01-01,5.966152256130182,1.0450785756403735,-2.332622784252949,0.0935391801921438,10,0.4
2001-02-01,5.789138458106234,0.9924408748558324,-2.4495451244687643,0.11141879969826884,10,0.4
2001-03-01,5.903044725657523,1.7324027430604643,-1.9869075078882157,0.0982357639327217,10,0.4
2001-04-01,6.173602225911426,2.391998693228056,-0.7762969514410243,0.08908905647357243,10,0.4
2001-05-01,6.169425335004497,2.821913877006633,-0.08967694523264735,0.10560965591654209,10,0.4
2001-06-01,6.107129214802707,2.719273501367202,0.054594240260720774,0.09165168267854344,10,0.4
2001-07-01,6.015786887900337,2.55979525683928,-1.4910882397441887,0.11506902806389674,11,0.4
2001-08-01,5.850780444634747,2.59402783485075,-1.3404491014180473,0.09883985748683859,11,0.4
2001-09-01,6.032291650273313,3.832961065210559,-1.8413911210817715,0.09739154084681552,11,0.4
2001-10-01,5.577596219323771,3.703829962983332,-1.6849630056799723,0.1638418161088372,11,0.4
2001-11-01,5.881461308468368,4.3461171293159415,-0.03992592384383848,0.15994508833426566,11,0.4
2001-12-01,5.987250284608141,4.575067129356515,1.0391588507580565,0.13020267646519815,11,0.4
2002-01-01,5.869868804082436,4.42187283973796,1.4092925300898793,0.10748777651733536,11,0.4
2002-02-01,5.941128314219209,4.420253844877733,0.6755002052299379,0.10372210610309378,11,0.4
2002-03-01,6.098895442981874,4.568764534527515,2.7335958387471644,0.10131953658879453,11,0.4
2002-04-01,6.049338519911781,4.550216790437574,1.2706850496935047,0.09735366634852102,11,0.4
2002-05-01,6.125530628962783,4.617815639439543,0.7946152965241569,0.08296263097617276,11,0.4
2002-06-01,6.193214043662174,4.729759032480824,-0.38767729312624355,0.0951307130943708,11,0.4
2002-07-01,6.284118155912131,4.736235007645555,-2.768482403503004,0.11269760409419505,11,0.4
2002-08-01,5.850830167451756,4.292103565552804,-2.8278647306959273,0.09734925480139041,11,0.4
2002-09-01,5.709878067499199,4.175537766857847,-4.371720818339135,0.07800961827653267,11,0.4
2002-10-01,6.1459266193202176,4.753064216142356,-4.530175013543007,0.07596636680937427,11,0.4
2002-11-01,5.915313497187363,4.834602022270697,-1.9589197671828205,0.08221662165206255,11,0.4
2002-12-01,5.823742467635889,4.704015819450505,-3.6554115324095386,0.07167621668217292,11,0.4
2003-01-01,5.801174373024679,4.779174410149072,-2.797533145321099,0.09806460845918566,11,0.4
2003-02-01,5.695300683792097,4.587529207764021,-3.7561318765342127,0.07919059544756477,11,0.4
2003-03-01,5.888418363108372,4.855895090143183,-3.789836187849925,0.09063261691131237,11,0.4
2003-04-01,5.7993849754804545,4.796382644008529,-3.4114820642941637,0.10268777927358702,11,0.4
2003-05-01,5.402567872453412,4.316244255701632,-4.346128271486152,0.06357168298054187,11,0.4
2003-06-01,5.5639355250704385,4.747160504758948,-3.7408368725266645,0.05358055621588568,11,0.4
2003-07-01,6.362938673854219,5.625951151362023,-2.2979214664657195,0.10440843765360276,11,0.4
2003-08-01,6.040036314942785,5.287052453311102,-1.3723586114342923,0.11311262799193712,11,0.4
2003-09-01,5.878453252716844,5.084642194827447,-3.1246308143030506,0.08120449724823378,11,0.4
2003-10-01,6.017555904845052,5.2435133851064,-1.935238240133325,0.08667786388936337,11,0.4
2003-11-01,5.866822124867942,5.121442291434074,-1.1017672159702587,0.07943750795713392,11,0.4
2003-12-01,5.913730679744327,5.180735271442825,-1.7411203567181337,0.07869460934938573,11,0.4
2004-01-01,5.760279387965864,5.044597067815455,-1.5993451969237584,0.06061859594016313,11,0.4
2004-02-01,5.7159455066648075,4.917738116037961,-2.3657299573473884,0.07875951378342533,11,0.4
2004-03-01,5.6722399939454,4.8321788714263505,-2.860506461297253,0.06165760596178825,11,0.4
2004-04-01,5.8858343706910565,5.164922697954569,-0.14694068040954514,0.04195876676255585,11,0.4
2004-05-01,5.846870779051152,4.985309683159169,0.4387286475976554,0.04734312524953197,11,0.4
2004-06-01,5.791545669272359,4.628098919319362,0.18148982138982686,0.062195205118394555,11,0.4
2004-07-01,5.710690081017688,4.414420435059987,-0.19331706840179846,0.0673847035136506,11,0.4
2004-08-01,5.511053428625021,4.038241006928103,-1.4276430907941626,0.04918415912446059,11,0.4
2004-09-01,5.375180894514937,3.7742355503139864,-0.9859566882380626,0.09215671165538603,11,0.4
2004-10-01,5.3301422743850875,3.4984716667580513,-1.609926497054193,0.0697562592860585,11,0.4
2004-11-01,5.440583947459888,3.3128179109549563,-0.8280382564167297,0.062164998772464286,11,0.4
2004-12-01,5.149394133955383,3.0239371616211,-0.39437302460327095,0.13482247587318846,11,0.4
2005-01-01,4.786491215615067,2.438938877328289,0.2388081896653692,0.14598775819101298,11,0.4
2005-02-01,4.8606632968212455,2.2194389379167463,0.5786947681360406,0.09763141050211846,11,0.4
2005-03-01,4.858925403083187,2.1443276221035417,1.1283404332014426,0.10488842948145881,11,0.4
2005-04-01,4.647267347108024,1.8016037408642445,0.4063445502810824,0.11105744428639538,11,0.4
2005-05-01,4.452096889477991,1.509751492290698,0.1331447746667415,0.10423098229131394,11,0.4
2005-06-01,4.2778917124331555,1.1519764664080991,0.11300323918633462,0.10378863247411342,11,0.4
2005-07-01,4.465224426112053,1.0692761769853694,0.6973181236744901,0.10708174010648777,11,0.4
2005-08-01,4.309035440807208,0.7559039514538012,-0.1554099169255377,0.09069641389260347,11,0.4
2005-09-01,4.498878062798874,1.00008357822643,0.8577081385697395,0.1820011731282582,11,0.4
2005-10-01,4.769062235074661,0.7912333506367593,0.33999755505503443,0.11869673290134443,11,0.4
2005-11-01,4.71910542871113,0.6371598603746929,0.14929343615865218,0.11157721904314204,11,0.4
2005-12-01,4.5192733119286315,0.3615379258308642,0.1934691790882621,0.10437659184418747,11,0.4
2006-01-01,4.742838320076833,0.23442622567972926,-0.4191726332754013,0.07166964366356561,11,0.4
2006-02-01,4.5213560303390885,-0.09599734228851944,0.2915576588208159,0.0800804582856976,11,0.4
2006-03-01,4.976915521908152,0.27744376519653374,0.0013106955786751477,0.06696408384620926,11,0.4
2006-04-01,5.300481575660991,0.5387840090829378,-0.33719495900251684,0.08306027009313466,11,0.4
2006-05-01,5.2864931718470904,0.3835270118099704,-0.09812684711816856,0.09154538822655651,11,0.4
2006-06-01,5.171552611221586,0.2504700487002224,0.4397273576280974,0.16328361226122992,11,0.4
2006-07-01,5.184180285537746,0.03928151510186395,-0.7667011340977278,0.060496042552706006,11,0.4
2006-08-01,5.024591554965233,-0.15058350720582941,-1.3311474427206809,0.04452078471916187,11,0.4
2006-09-01,4.840261407425038,-0.053383511730700065,-0.7544228912802718,0.1187830613596562,11,0.4
2006-10-01,4.884070755745209,-0.3462232342007752,-1.565402603943804,0.047350066356146026,11,0.4
2006-11-01,4.728490961262792,-0.5017944880687635,-1.689144989697401,0.05417932767308148,11,0.4
2006-12-01,4.8783619457632295,-0.12848365466028563,-0.6569889098390622,0.1026146433389362,11,0.4
2007-01-01,5.014091607637186,-0.13770278202353153,-0.7770084516286963,0.06447318168300022,11,0.4
2007-02-01,4.885699460838016,-0.3978595132803038,-1.8798643628947358,0.04507276495933849,11,0.4
2007-03-01,5.072921939294308,-0.08187963139040771,-1.9583175815652576,0.05581715248829482,11,0.4
2007-04-01,4.975825396991859,-0.023340087457311254,-1.4895122164906187,0.08870837671627488,11,0.4
2007-05-01,5.058307000891404,0.21076463652149574,-0.2094144669249699,0.07492046413929396,11,0.4
2007-06-01,5.155513304353123,0.4991453424499389,0.1654748614757384,0.15197522372946956,11,0.4
2007-07-01,5.19308386762781,0.08530241427262553,-1.9595684822971187,0.06186913534814784,11,0.4
2007-08-01,5.04107699645198,0.9351281849750654,-1.1485683697079285,0.06916189515131871,11,0.4
2007-09-01,5.037725472611828,1.2834801694135318,-0.6560421730656901,0.14782758045302985,11,0.4
2007-10-01,5.035115129997743,0.9993473526541075,-1.5356967628457476,0.06101193750205477,11,0.4
2007-11-01,4.944004745981283,1.4963097198133846,-3.1506556732949753,0.12441214025124094,11,0.4
2007-12-01,4.9074640607010505,1.68694477534076,-2.393910226183942,0.2026881829570958,11,0.4
2008-01-01,4.947022186775067,3.0918812300805785,-2.608878689342166,0.11567530373771086,11,0.4
2008-02-01,5.305085831654311,3.36167613908576,-4.829835440590289,0.12282404978901831,11,0.4
2008-03-01,5.052585038736264,3.7180922322620384,-3.3979431633234154,0.10133375159783357,11,0.4
2008-04-01,4.928441028906602,3.6372318378964223,-0.9966137367203695,0.08932831122725308,11,0.4
2008-05-01,5.174823279548438,3.32538841716771,-1.1716250654445184,0.06567865794706645,11,0.4
2008-06-01,4.904329462507718,3.134224849585666,-0.5555379641090674,0.10512943713817789,11,0.4
2008-07-01,5.003868580099714,3.3966635569935333,-0.7569525581466845,0.0891026195382698,11,0.4
2008-08-01,4.906010350529776,3.2238387160558863,-1.3017978083594832,0.07788764721140229,11,0.4
2008-09-01,4.836682631594112,3.8192180675148037,-0.6198432076520847,0.15469341489163113,11,0.4
2008-10-01,5.149387716349146,4.847142767396346,-0.7562994807865575,0.22709655334481543,11,0.4
2008-11-01,4.109151405143885,4.056675901931132,-1.2067981306588786,0.16705332149408947,11,0.4
2008-12-01,3.330718148836783,3.2960715751336194,-1.261927048826204,0.12111075654126986,11,0.4
2009-01-01,4.359705904120298,4.232231381013978,-2.154216449126251,0.12128791315845328,11,0.4
2009-02-01,4.472499553198382,4.329106135119816,-1.7251238877634392,0.13046558516987372,11,0.4
2009-03-01,4.267259091883546,4.089906786091853,-2.5034171855190515,0.08680491266557076,11,0.4
2009-04-01,4.80965969964819,4.817567868936114,-2.162433354853057,0.08485169826576514,11,0.4
2009-05-01,5.153702691530533,5.182936299254985,-2.093942850790429,0.1255159781740299,11,0.4
2009-06-01,5.007920068181537,5.029313382975228,-1.2106480750162976,0.11331399919637446,11,0.4
2009-07-01,4.99643223053045,5.064206977504095,-1.1881304302457858,0.11193456203397699,11,0.4
2009-08-01,4.883373992214991,4.967144868078793,-1.419686487618101,0.12015224084494076,11,0.4
2009-09-01,4.715828760303528,4.835572926240026,-1.2652692680277724,0.11559662212919126,11,0.4
2009-10-01,4.969139622897784,5.137049393537124,-1.631098081883724,0.11018409420449093,11,0.4
2009-11-01,5.03397184787759,5.111332571043192,-2.931519828642163,0.10911994167706086,11,0.4
2009-12-01,5.36699367626648,5.562131186256409,-1.1116882199740032,0.12261903789938125,11,0.4
2010-01-01,5.342938167480397,5.50626603396932,-2.279903777793396,0.13540590694776602,11,0.4
2010-02-01,5.40532098737793,5.495787276336782,-2.624316995781466,0.13242195687474959,11,0.4
2010-03-01,5.513659578838934,5.594340887498622,-2.0099264451094503,0.13254701322205345,11,0.4
2010-04-01,5.298504086485199,5.361576181295391,-2.0190080185911428,0.12381530692427015,11,0.4
2010-05-01,5.0041718918348055,5.0158136597110605,-2.642330936104569,0.10922962469564965,11,0.4
2010-06-01,4.702943521169362,4.642434388063336,-3.175120900413457,0.09700338178530808,11,0.4
2010-07-01,4.821640394628524,4.744893418278557,-3.871186170315705,0.08892431562673694,11,0.4
2010-08-01,4.2273687972750595,4.113116352304376,-3.698325263386031,0.05164509833141515,11,0.4
2010-09-01,4.475558798424335,4.330801392416208,-4.347907725509847,0.056029391976003234,11,0.4
2010-10-01,4.910262166863474,4.7443660778538606,-5.448219757083229,0.06464538344906824,11,0.4
2010-11-01,5.008633678091317,4.854086149824934,-4.8292424940216225,0.061761570853940136,11,0.4
2010-12-01,5.219864103390256,5.255376807145948,-3.4217641820755533,0.1232390069658092,11,0.4
2011-01-01,5.561863446337696,5.536911188017852,-4.261767114173374,0.12207464100556593,11,0.4
2011-02-01,5.354715244599375,5.387247162906387,-3.296892888192326,0.1224199953557985,11,0.4
2011-03-01,5.312062130160574,5.413995727065679,-2.721413468376616,0.10279915707403565,11,0.4
2011-04-01,5.275758891291016,5.377188606558162,-3.5007979130389963,0.10713246422953743,11,0.4
2011-05-01,5.1081634494251595,5.137154759085794,-4.1967657456606995,0.09600777423237802,11,0.4
2011-06-01,5.316512652654891,5.381664301980861,-4.282045218471056,0.10680145757773674,11,0.4
2011-07-01,5.067126215753231,4.944401810605087,-5.24820484335071,0.08678622073793767,11,0.4
2011-08-01,4.402259690755515,4.338224139222538,-5.165888102067896,0.04653386601628551,11,0.4
2011-09-01,3.5321313104960637,3.509716721496954,-3.5334529256509626,0.036318893124833364,11,0.4
2011-10-01,3.882887342003455,3.8677359985808577,-3.9504529029914135,0.06503476557699445,11,0.4
2011-11-01,3.735217742211602,3.719515582876671,-3.7748225965941415,0.0579501409590442,11,0.4
2011-12-01,3.504047062242478,3.4638971763888664,-3.7481728445062807,0.046753729126421645,11,0.4
2012-01-01,3.5865179927854904,3.477403825533438,-4.312790489726322,0.052230861571198384,11,0.4
2012-02-01,3.720535952037704,3.5966043803339316,-4.110846928669728,0.04393031249531263,11,0.4
2012-03-01,4.045214624207873,3.9557342371393958,-4.154519565813171,0.04924469111200101,11,0.4
2012-04-01,3.7681542707134903,3.6131597848444903,-4.412186149769034,0.0539910998882327,11,0.4
2012-05-01,3.1596490134570465,3.022507286280338,-3.753445724496196,0.06656649677386202,11,0.4
2012-06-01,3.2641700932331696,3.1139148231474287,-3.7408065569380615,0.06882713883367172,11,0.4
2012-07-01,3.07738229615028,2.906686701833498,-3.8671753323575335,0.05445992967370695,11,0.4
2012-08-01,3.2208484611320025,3.0415148406810566,-4.128114980343075,0.05913369411959307,11,0.4
2012-09-01,3.3916655220995517,3.213103052665703,-4.347825278328309,0.06751475044103393,11,0.4
2012-10-01,3.405154815821931,3.2279853683344815,-4.078480850041658,0.05676743788277765,11,0.4
2012-11-01,3.3462730719509755,3.1572119211036602,-4.274029679819036,0.06945724151758324,11,0.4
2012-12-01,3.5298287468327434,3.4138665407829833,-4.1968506429886,0.060336693327327474,11,0.4
2013-01-01,3.8268599701868067,3.7223149450173887,-4.294019260229115,0.045017007113058886,11,0.4
2013-02-01,3.752646372630823,3.5901919549978993,-4.560081423847033,0.050824549813132815,11,0.4
2013-03-01,3.743492636534613,3.613680963661528,-4.513484936938277,0.05097514353340231,11,0.4
2013-04-01,3.4666126007779603,3.350738171012936,-4.2696719153945075,0.05186598277691406,11,0.4
2013-05-01,3.970113545189742,3.9275252748086755,-4.027615922247503,0.027223423375687443,11,0.4
2013-06-01,4.232395789497882,4.26514202300563,-3.4575935037742456,0.07741211538051837,11,0.4
2013-07-01,4.428047455090299,4.458304585284819,-3.8849810610439413,0.09061823767493933,11,0.4
2013-08-01,4.466607348064263,4.569815926761356,-3.1573630681069913,0.11379112611478517,11,0.4
2013-09-01,4.496867313593028,4.545774157613754,-3.9168645379210316,0.08598453673342557,11,0.4
2013-10-01,4.431567008043303,4.447707519218654,-4.061884597529043,0.08494900725937808,11,0.4
2013-11-01,4.713713376447816,4.710515950649364,-4.4087679958754,0.11375366853655403,11,0.4
2013-12-01,4.824963716205633,4.923707654170263,-3.475539711348102,0.15235308053981683,11,0.4
2014-01-01,4.380844132258845,4.4612523150357015,-3.400424546516951,0.11101809037705812,11,0.4
2014-02-01,4.344664921938199,4.407248514550377,-3.3537804353861747,0.11665847116076036,11,0.4
2014-03-01,4.226673748335064,4.352126520175917,-2.426336097147521,0.1271539402625987,11,0.4
2014-04-01,4.118877602766654,4.261012281230309,-2.3309496232709233,0.12819881728895058,11,0.4
2014-05-01,3.9527030991300367,4.046268542210173,-2.562720187420018,0.11030278509677625,11,0.4
2014-06-01,3.9257503706055332,4.046093575868865,-2.1720761429419704,0.10330629326121114,11,0.4
2014-07-01,3.84400702030023,4.014000962641246,-1.5487331802005255,0.11618257062184122,11,0.4
2014-08-01,3.563504190767518,3.7127651417497542,-1.5156694676763411,0.10891797698247031,11,0.4
2014-09-01,3.6808325780518394,3.8652668429276167,-1.1615694364710347,0.11400490741941346,11,0.4
2014-10-01,3.5284452934350297,3.6865196298668668,-1.409719463598378,0.10171322657475883,11,0.4
2014-11-01,3.314522721942671,3.4271222922205133,-1.4611542671783149,0.08865091200850996,11,0.4
2014-12-01,3.0045089137953056,3.1306485218780047,-0.3010778285452683,0.08027071454888542,11,0.4
2015-01-01,2.52352420327713,2.6051437630636545,-0.8499510094814311,0.04448634536871555,11,0.4
2015-02-01,2.87110470174726,2.9966887412388283,-0.46896824140837584,0.06415562232224496,11,0.4
2015-03-01,2.8461044463061835,2.9040175511282174,-0.8870536803232029,0.049840520371006274,11,0.4
2015-04-01,3.0682195802739094,3.218908850838989,-0.9456961833082322,0.03893191030650953,10,0.4
2015-05-01,3.242494656146827,3.3438947044663694,-1.2046201534163365,0.045022549618633737,11,0.4
2015-06-01,3.5102499249748176,3.6173151450280754,-1.2437237961200558,0.06139739623792582,11,0.4
2015-07-01,3.2452469395864982,3.2940012193226544,-1.0667508417585827,0.04900156574439484,11,0.4
2015-08-01,3.2497870488912444,3.25536048891623,-1.0046802958588312,0.0424728720633826,10,0.4
2015-09-01,3.1632007082705655,3.2405395367632344,-1.2752273784577017,0.04529644355586223,9,0.4
2015-10-01,3.1948244772617276,3.2200602838405725,-0.9797511295999555,0.04594086420230127,11,0.4
2015-11-01,3.1834951488167174,3.0679615316571334,-0.6695884998977955,0.057030053896934704,11,0.4
2015-12-01,3.166212311933665,3.0391341598521473,-0.2750169882748943,0.0705878932797532,11,0.4
2016-01-01,3.006518377877755,2.749662282853053,-1.5887566266986761,0.05357171928725635,11,0.4
2016-02-01,2.795507587768629,2.4674110218576764,-1.5925551873065327,0.08337937226087411,11,0.4
2016-03-01,2.8116871904421488,2.5791450835570795,-1.494227481016376,0.07924749897234545,11,0.4
2016-04-01,2.8585795060035415,2.644808622888327,-1.3639764686203721,0.07261057941467251,11,0.4
2016-05-01,2.787187246038621,2.4674733420620383,-1.1164519612837125,0.07623035763197461,11,0.4
2016-06-01,2.474847251072575,2.2191978924799955,-1.6642010467813946,0.07044218333546651,11,0.4
2016-07-01,2.3042454588639227,2.0460731642293615,-1.2161497399143812,0.07278331257416414,11,0.4
2016-08-01,2.3439371798871522,2.035812834860267,-0.8228811743444967,0.0646882368359978,11,0.4
2016-09-01,2.4728402056613144,2.190265850279248,-1.126935359028931,0.07356957258202475,11,0.4
2016-10-01,2.7670737349718513,2.464615232769562,-1.1417620056556679,0.07400282136301539,11,0.4
2016-11-01,3.2352799669641006,2.8675332343943105,-0.5515605254871521,0.040463249521601914,11,0.4
2016-12-01,3.267245365194494,2.8763530231817227,-0.3589738173997235,0.034500981690218334,11,0.4
2017-01-01,3.27482618646517,2.8499313113273095,-0.49335144451414276,0.03621903591480625,11,0.4
2017-02-01,3.130742558798752,2.719795830666574,-0.20200293173458303,0.04295827848081812,11,0.4
2017-03-01,3.2488703493371767,2.54282828539061,-0.8404170748674057,0.03882203293697106,11,0.4
2017-04-01,3.159185308967846,2.4069555572225814,-0.9988557428299434,0.05835377500112265,11,0.4
2017-05-01,3.0910337322170345,2.155261027239528,-1.3484587837606545,0.04906548420844269,11,0.4
2017-06-01,3.0214028438036484,2.0878393516482445,-0.7692309874016925,0.05512121917682908,11,0.4
2017-07-01,3.1355974757755276,2.113589919726233,-1.3084922905258791,0.031646129936313265,11,0.4
2017-08-01,2.913489186193852,1.9198970170873322,-1.2099581837734352,0.04633059062131825,11,0.4
2017-09-01,3.025730490139412,2.012193501247432,-0.7492585894522916,0.044684652856326786,11,0.4
2017-10-01,3.001925011044946,1.923431358381367,-0.45697455530288517,0.056854031899193205,11,0.4
2017-11-01,2.8903790203082558,1.6704121756545143,-0.004334212716338643,0.06161591920610011,11,0.4
2017-12-01,2.7550619425196037,1.4104890659396518,0.25116552642880824,0.062247262043925854,11,0.4
2018-01-01,2.940717623233954,1.5259930177819203,0.8786014484281468,0.04469101231320992,11,0.4
2018-02-01,3.141022957937149,1.568907005081879,0.7262002461201912,0.059477918662081936,11,0.4
2018-03-01,2.955321522248699,1.2704766430067156,0.6306480687564919,0.054137858379823295,11,0.4
2018-04-01,3.0478533346937793,1.3022275343378475,1.1863439766612398,0.0633177646351473,11,0.4
2018-05-01,2.972522253206121,1.132435371464506,0.7730287121987648,0.05169068575395105,11,0.4
2018-06-01,2.9016597971259435,1.045794650644683,1.1421363560793518,0.06795493000133578,11,0.4
2018-07-01,3.0011908342165974,1.0202901523519354,1.1847851130627904,0.06316453660763836,11,0.4
2018-08-01,2.949749767778548,0.8907591426771586,0.8397990032496865,0.07695181572130837,11,0.4
2018-09-01,3.111140929537395,0.9520259722606199,1.0429136528606087,0.06802851249966431,11,0.4
2018-10-01,3.3515659075304813,1.0506564063076453,0.5529348878094347,0.08051486933426263,11,0.4
2018-11-01,3.281609886451379,0.8862234298151969,0.08167066203454687,0.08301863698816893,11,0.4
2018-12-01,3.089953031817624,0.5518182637816731,-1.0328175317353783,0.06603674967191403,11,0.4
2019-01-01,3.060896854915465,0.5679294478593597,-1.1262850810994647,0.05962794058781135,11,0.4
2019-02-01,3.172309745759552,0.6661024989477572,-1.055845961907028,0.047223903342555044,11,0.4
2019-03-01,2.9188877878976993,0.4161475196972725,-1.6409669905852482,0.04307864814135063,11,0.4
2019-04-01,3.0759500302346248,0.5655742394438452,-1.7870510671672992,0.03661507781885252,11,0.4
2019-05-01,2.7620621798397957,0.30659897734701125,-2.3560206477963996,0.04270919635153357,11,0.4
2019-06-01,2.7385108878193893,0.5082568217382846,-2.601276328678053,0.024558091753619525,11,0.4
2019-07-01,2.641671325417509,0.4928607356761254,-1.9021015801390504,0.05979720859192347,11,0.4
2019-08-01,2.129522019791731,0.0023288018495668528,-2.5502627948244956,0.026805585492867032,11,0.4
2019-09-01,2.23884255693185,0.27223177935217946,-1.9007335580029994,0.03231034691513428,11,0.4
2019-10-01,2.283862732173523,0.6555766258007139,-1.5537870656876283,0.04653968344874419,11,0.4
2019-11-01,2.3129888977886277,0.6550683156449233,-1.2772236291268733,0.04142452318700569,11,0.4
2019-12-01,2.532160154263557,0.9577318822692662,-1.3411722340883891,0.04635734736962233,11,0.4
2020-01-01,2.1555934277660733,0.521866141445366,-2.019245621643221,0.03222490613815712,11,0.4
2020-02-01,1.9083609848806604,0.5342385982943545,-2.7478125693061144,0.053030119563372294,11,0.4
2020-03-01,1.535342733551876,1.395047346233888,-1.7354533472934643,0.059053583014711676,11,0.4
2020-04-01,1.4451580046397727,1.3063497682819842,-1.6885799624363103,0.04990072783223204,11,0.4
2020-05-01,1.6487199214190686,1.4323883437832006,-2.350962262719509,0.05777904487501769,11,0.4
2020-06-01,1.6572841462013008,1.4337558957680123,-2.4032655780669114,0.05455311317619321,11,0.4
2020-07-01,1.4103239403661563,1.2547985402562734,-2.1004489043126484,0.04658163484306046,11,0.4
2020-08-01,1.7717449609859584,1.5977769177820487,-2.550176391400117,0.053359413461954275,11,0.4
2020-09-01,1.7274961997554732,1.5621144030120053,-2.486217719686659,0.05503229686181835,11,0.4
2020-10-01,1.9775649777647224,1.8313518174183647,-2.596966804146489,0.03822338006310963,11,0.4
2020-11-01,1.887754572719848,1.7551368031703665,-2.444843339969967,0.03839231917968558,11,0.4
2020-12-01,2.009798723827804,1.8745802052012972,-2.6561447945764844,0.029043761790710526,11,0.4
2021-01-01,2.30327311967642,2.1966748825452993,-2.8990221886494942,0.02500587332955817,11,0.4
2021-02-01,2.707930695822804,2.6831481328273514,-2.743714995375,0.05204094159370802,11,0.4
2021-03-01,3.0087057558984998,3.0365815655582664,-2.7011875793726268,0.08541655610241736,11,0.4
2021-04-01,2.8586461083550243,2.8961495896365657,-2.5559989154130833,0.0734828147108081,11,0.4
2021-05-01,2.8398152779482446,2.858384247787342,-2.7555335793384974,0.06698988397760379,11,0.4
2021-06-01,2.5131428754973966,2.519025296652521,-1.9672273394543207,0.05015815964997815,11,0.4
2021-07-01,2.319438549229258,2.2876473748678334,-2.1987814457101025,0.03217219193178967,11,0.4
2021-08-01,2.3420489169577725,2.341376836059905,-1.9791901459869035,0.04034535244953411,11,0.4
2021-09-01,2.5103459260076937,2.539882257222146,-1.6345741544029413,0.06499333886611577,11,0.4
2021-10-01,2.2589485909122518,2.3313827266564697,-0.4652392546973905,0.07276607669388162,11,0.4
2021-11-01,2.044926273068806,2.074494453799081,-0.18000946880471744,0.06445850886920844,11,0.4
2021-12-01,2.0772410602119953,2.08881417077573,0.2583122760788726,0.047764293826928025,11,0.4
2022-01-01,2.1327344883643833,2.024545911394063,1.3852538808755193,0.09549185908670448,11,0.4
2022-02-01,2.1043842711395317,1.8614230015641562,1.7769655415747512,0.15635583336267583,11,0.4
2022-03-01,2.0726167247686704,1.6778895183793847,4.266540804078328,0.24152242186927414,11,0.4
2022-04-01,2.6019048636087754,1.9313504826812617,4.598875269418361,0.258160754492699,11,0.4
2022-05-01,2.92632445118803,1.9073937851853264,2.886393631330548,0.21511844057079393,11,0.4
2022-06-01,2.9605734689014036,1.2152064772705995,2.5592237696434625,0.2944856235441102,11,0.4
2022-07-01,2.993918007536132,0.42703365078037786,0.1127766846681663,0.22416258252552287,11,0.4
2022-08-01,3.130963668736418,0.24093541122773218,1.4377745146638712,0.24835171833137232,11,0.4
2022-09-01,3.5095835448476733,0.23890625646913866,2.8152817945482758,0.2689359200887381,11,0.4
2022-10-01,4.095158733196767,-0.11665979644017138,0.8654173266563052,0.23660342824074038,11,0.4
2022-11-01,3.7151224810484114,-0.8098372126116848,-0.22019061976526438,0.2324681656561697,11,0.4
2022-12-01,3.906437924092995,-0.6339685935955776,-0.15001715589769132,0.20487537215199955,11,0.4
2023-01-01,3.6910145448486444,-1.197753630875961,-1.6036374467470604,0.13896578063117057,11,0.4
2023-02-01,3.7852150536933094,-1.2362098579468461,-0.005363700395207721,0.18313733377992175,11,0.4
2023-03-01,3.814679393687472,-1.233729686667725,-2.407338139855028,0.1268475372547337,11,0.4
2023-04-01,3.788008898538131,-1.2756278914971784,-2.4644708671952418,0.26185893808216826,11,0.4
2023-05-01,4.036102087114626,-1.667819829736074,-3.1984159468239857,0.15759962798032043,11,0.4
2023-06-01,3.796772352758954,-1.8074346945801878,-1.1873803399081662,0.16558868233340146,11,0.4
2023-07-01,4.067832278393399,-1.6757991095339888,-1.788611981186977,0.1168272334346277,11,0.4
2023-08-01,4.305709963929406,-1.4387235423971219,-2.076251865596054,0.10415052420914958,11,0.4
2023-09-01,4.898356679842006,-0.8255075192601629,-1.9632148730370984,0.09483137451794388,11,0.4
2023-10-01,5.267171638350747,-0.4361155130905029,-2.011882672970677,0.07645679552920004,11,0.4
2023-11-01,4.814158007073352,-0.841707942957147,-2.7623969599015825,0.06845831576784077,11,0.4
2023-12-01,4.402493113848239,-1.2376700965854142,-3.7834964323831337,0.08340867393678345,11,0.4
2024-01-01,4.599244570899519,-0.9872323007990856,-3.8665475937880394,0.07317738310370295,11,0.4
2024-02-01,4.610582415876047,-0.987128489908601,-2.5964823636405687,0.047541587482345035,11,0.4
2024-03-01,4.561021146170171,-1.0615579965233912,-2.707414999190271,0.05573862272304691,11,0.4
2024-04-01,4.9081688199519915,-0.6675350040893893,-1.5018888200473846,0.04568599930954242,11,0.4
2024-05-01,4.794756893192461,-0.803627132444034,-1.9881502049423971,0.04533475579974903,11,0.4
2024-06-01,4.717733003524897,-0.8812197649357777,-2.5017327331161168,0.046988184043932325,11,0.4
2024-07-01,4.730748580280043,-0.8206705512317783,-3.867024533447652,0.06729160670266718,11,0.4
2024-08-01,4.6933786304923375,-0.6780683591860638,-4.539100475466082,0.11367844340198198,11,0.4
2024-09-01,4.616734701133066,-0.22448592742582774,-4.10433791004845,0.11423233136045327,11,0.4
2024-10-01,4.7688385926225925,0.082409155520354,-2.1185330442631938,0.07292522559076549,11,0.4
2024-11-01,4.62079060806785,-0.06174870266275828,-2.0634815387858967,0.059891715821190315,11,0.4
2024-12-01,5.032241314957373,0.6897753794389896,-1.2761609910302016,0.05773107008737309,11,0.4
