date,0.5,1.0,2.0,3.0,5.0,7.0,10.0,20.0,30.0
1970-01-01,,8.15,,8.27,8.27,7.9,7.75,6.96,
1970-02-01,,7.11,,7.27,7.31,7.1,6.9,6.55,
1970-03-01,,6.9,,7.13,7.24,7.16,7.08,6.68,
1970-04-01,,7.72,,7.89,7.95,7.93,7.82,7.07,
1970-05-01,,7.65,,7.84,7.83,7.82,7.95,7.46,
1970-06-01,,7.4,,7.77,7.77,7.76,7.68,7.11,
1970-07-01,,7.0,,7.51,7.58,7.57,7.38,6.91,
1970-08-01,,6.84,,7.36,7.45,7.51,7.49,7.0,
1970-09-01,,6.58,,6.97,7.18,7.32,7.29,6.81,
1970-10-01,,6.29,,6.85,7.04,7.22,7.33,6.9,
1970-11-01,,5.06,,5.72,5.99,6.38,6.49,6.39,
1970-12-01,,4.94,,5.84,5.98,6.25,6.5,6.45,
1971-01-01,,4.23,,5.34,5.78,6.07,6.09,6.07,
1971-02-01,,3.69,,4.84,5.36,5.78,6.14,6.24,
1971-03-01,,3.92,,4.56,5.06,5.36,5.53,5.83,
1971-04-01,,4.77,,5.76,6.08,6.17,6.08,6.1,
1971-05-01,,5.13,,5.91,6.24,6.4,6.38,6.27,
1971-06-01,,6.24,,6.77,6.86,6.93,6.7,6.44,
1971-07-01,,6.18,,6.83,6.96,6.99,6.85,6.43,
1971-08-01,,5.28,,5.81,6.07,6.22,6.28,6.09,
1971-09-01,,5.27,,5.77,6.06,6.1,6.0,5.97,
1971-10-01,,4.64,,5.3,5.78,5.88,5.87,5.87,
1971-11-01,,4.76,,5.39,5.84,6.05,5.93,5.95,
1971-12-01,,4.46,,5.15,5.5,5.85,5.89,5.99,
1972-01-01,,4.36,,5.32,5.75,6.05,6.09,6.09,
1972-02-01,,4.34,,5.27,5.68,5.95,6.04,6.03,
1972-03-01,,5.11,,5.86,6.1,6.16,6.12,6.11,
1972-04-01,,4.61,,5.58,5.89,6.08,6.14,6.12,
1972-05-01,,4.64,,5.46,5.79,6.0,6.05,5.96,
1972-06-01,,5.15,,5.8,6.0,6.13,6.15,6.05,
1972-07-01,,4.82,,5.75,5.98,6.11,6.12,5.98,
1972-08-01,,5.4,,6.0,6.21,6.36,6.42,5.99,
1972-09-01,,5.61,,6.04,6.18,6.34,6.54,6.09,
1972-10-01,,5.44,,6.05,6.2,6.32,6.41,5.93,
1972-11-01,,5.35,,5.96,6.12,6.17,6.28,5.82,
1972-12-01,,5.68,,6.14,6.26,6.29,6.41,6.03,
1973-01-01,,6.09,,6.44,6.45,6.43,6.54,6.86,
1973-02-01,,6.43,,6.74,6.73,6.68,6.64,6.9,
1973-03-01,,7.09,,6.89,6.81,6.76,6.73,6.89,
1973-04-01,,6.8,,6.81,6.73,6.75,6.7,6.91,
1973-05-01,,7.16,,6.85,6.78,6.86,6.93,7.05,
1973-06-01,,7.74,,7.07,6.9,6.92,6.94,7.13,
1973-07-01,,8.87,,8.02,7.87,7.65,7.43,7.63,
1973-08-01,,8.47,,7.46,7.28,7.22,7.25,7.35,
1973-09-01,,7.5,,6.79,6.72,6.79,6.9,7.05,
1973-10-01,,7.21,,6.82,6.8,6.83,6.71,7.3,
1973-11-01,,7.28,,6.79,6.77,6.77,6.69,7.22,
1973-12-01,,7.3,,6.83,6.83,6.76,6.9,7.38,
1974-01-01,,7.12,,6.88,6.91,6.96,7.0,7.48,
1974-02-01,,7.16,,6.94,6.98,7.03,7.01,7.57,
1974-03-01,,8.36,,7.81,7.65,7.59,7.41,7.89,
1974-04-01,,8.99,,8.31,8.21,7.97,7.66,8.19,
1974-05-01,,8.71,,8.12,8.06,7.92,7.52,8.13,
1974-06-01,,8.87,,8.34,8.33,8.09,7.64,8.17,
1974-07-01,,9.0,,8.57,8.46,8.26,7.89,8.33,
1974-08-01,,9.73,,8.67,8.63,8.44,8.11,8.64,
1974-09-01,,8.21,,8.07,8.05,8.02,7.94,8.49,
1974-10-01,,7.93,,7.96,7.94,7.84,7.79,8.12,
1974-11-01,,7.66,,7.49,7.56,7.6,7.64,7.96,
1974-12-01,,7.35,,7.34,7.36,7.34,7.4,7.93,
1975-01-01,,6.36,,6.98,7.34,7.44,7.53,7.82,
1975-02-01,,6.01,,6.64,7.13,7.38,7.46,7.72,
1975-03-01,,6.36,,7.09,7.5,7.77,8.01,8.24,
1975-04-01,,6.88,,7.88,8.12,8.22,8.31,8.44,
1975-05-01,,6.08,,7.22,7.61,7.84,8.04,8.2,
1975-06-01,,6.85,,7.49,7.82,7.88,7.96,8.09,
1975-07-01,,7.38,,7.94,8.07,8.14,8.2,8.31,
1975-08-01,,7.56,,8.01,8.16,8.17,8.22,8.42,
1975-09-01,,7.83,,8.36,8.42,8.45,8.48,8.61,
1975-10-01,,6.27,,7.34,7.66,7.82,7.91,8.15,
1975-11-01,,6.68,,7.58,7.9,8.08,8.14,8.34,
1975-12-01,,6.16,,7.1,7.5,7.68,7.76,8.04,
1976-01-01,,5.65,,6.94,7.43,7.75,7.8,8.0,
1976-02-01,,6.21,,7.15,7.46,7.68,7.77,8.02,
1976-03-01,,6.11,,7.02,7.39,7.57,7.66,7.9,
1976-04-01,,6.14,,6.96,7.34,7.53,7.67,7.99,
1976-05-01,,6.75,,7.54,7.78,7.9,7.96,8.19,
1976-06-01,,6.46,7.02,7.28,7.58,7.74,7.86,8.02,
1976-07-01,,6.12,6.74,7.05,7.47,7.7,7.86,8.04,
1976-08-01,,5.9,6.5,6.73,7.16,7.45,7.66,7.81,
1976-09-01,,5.78,6.33,6.59,7.05,7.36,7.55,7.75,
1976-10-01,,5.5,6.03,6.32,6.78,7.19,7.42,7.72,
1976-11-01,,4.95,5.42,5.69,6.05,6.4,7.01,7.44,
1976-12-01,,4.86,5.34,5.7,6.13,6.42,6.81,7.17,
1977-01-01,,5.56,6.18,6.5,6.83,7.16,7.4,7.61,
1977-02-01,,5.56,6.08,6.5,6.98,7.23,7.45,7.73,7.8
1977-03-01,,5.4,6.01,6.42,6.94,7.21,7.42,7.72,7.79
1977-04-01,,5.6,6.14,6.46,6.9,7.25,7.45,7.72,7.8
1977-05-01,,5.86,6.18,6.49,6.87,7.16,7.38,7.68,7.74
1977-06-01,,5.72,6.08,6.33,6.7,7.0,7.2,7.57,7.58
1977-07-01,,6.22,6.5,6.71,7.03,7.28,7.42,7.68,7.72
1977-08-01,,6.36,6.59,6.73,6.94,7.11,7.28,7.53,7.6
1977-09-01,,6.66,6.82,6.94,7.11,7.26,7.41,7.61,7.68
1977-10-01,,7.05,7.23,7.34,7.44,7.54,7.62,7.76,7.83
1977-11-01,,6.92,7.11,7.22,7.36,7.45,7.55,7.75,7.83
1977-12-01,,6.98,7.22,7.36,7.54,7.66,7.78,7.98,8.03
1978-01-01,,7.26,7.47,7.57,7.72,7.83,7.94,8.16,8.18
1978-02-01,,7.32,7.57,7.7,7.86,7.95,8.04,8.21,8.25
1978-03-01,,7.48,7.7,7.83,7.97,8.05,8.15,8.31,8.33
1978-04-01,,7.7,7.97,7.98,8.09,8.16,8.24,8.37,8.39
1978-05-01,,7.94,8.12,8.2,8.28,8.35,8.42,8.5,8.5
1978-06-01,,8.38,8.48,8.53,8.5,8.51,8.62,8.67,8.62
1978-07-01,,8.33,8.47,8.47,8.46,8.46,8.56,8.59,8.56
1978-08-01,,8.48,8.46,8.38,8.42,8.42,8.39,8.43,8.46
1978-09-01,,8.81,8.7,8.49,8.5,8.54,8.56,8.63,8.61
1978-10-01,,9.92,9.49,9.32,9.16,9.0,8.96,8.9,8.87
1978-11-01,,10.09,9.55,9.16,8.94,8.9,8.86,8.8,8.8
1978-12-01,,10.57,9.98,9.59,9.32,9.23,9.15,8.99,8.96
1979-01-01,,10.13,9.64,9.16,8.95,8.93,8.95,8.9,8.85
1979-02-01,,10.33,9.89,9.45,9.29,9.22,9.17,9.12,9.08
1979-03-01,,10.17,9.72,9.34,9.19,9.14,9.11,9.07,9.02
1979-04-01,,10.29,9.91,9.53,9.35,9.33,9.35,9.26,9.22
1979-05-01,,9.91,9.56,9.2,9.04,9.02,9.06,9.08,9.08
1979-06-01,,9.4,8.97,8.78,8.74,8.74,8.81,8.82,8.83
1979-07-01,,9.75,9.31,9.05,8.99,9.02,9.01,8.98,8.99
1979-08-01,,10.4,9.84,9.54,9.36,9.3,9.24,9.1,9.09
1979-09-01,,10.8,10.1,9.76,9.48,9.46,9.44,9.31,9.25
1979-10-01,,12.89,12.06,11.63,11.2,10.95,10.72,10.4,10.19
1979-11-01,,11.88,11.33,10.68,10.44,10.45,10.38,10.1,10.09
1979-12-01,,11.7,11.23,10.62,10.38,10.36,10.33,10.16,10.11
1980-01-01,,12.4,11.75,11.19,11.11,11.12,11.13,11.16,11.09
1980-02-01,,15.45,14.73,14.0,13.48,13.1,12.72,12.12,12.25
1980-03-01,,15.8,14.63,13.69,13.31,12.76,12.64,12.44,12.31
1980-04-01,,11.12,10.81,10.67,10.82,10.75,10.76,10.92,10.89
1980-05-01,,8.83,9.25,9.28,9.87,10.09,10.25,10.46,10.37
1980-06-01,,8.49,8.97,9.19,9.48,9.73,10.09,10.08,9.99
1980-07-01,,9.36,9.72,9.95,10.09,10.38,10.76,10.8,10.8
1980-08-01,,11.15,11.36,11.48,11.66,11.63,11.55,11.42,11.27
1980-09-01,,12.29,12.13,12.06,11.88,11.86,11.86,11.84,11.7
1980-10-01,,13.78,13.08,12.97,12.74,12.56,12.46,12.38,12.23
1980-11-01,,15.13,14.13,13.69,13.14,12.86,12.72,12.38,12.32
1980-12-01,,13.86,13.06,12.85,12.59,12.49,12.43,12.09,11.98
1981-01-01,,14.0,13.26,13.05,12.8,12.73,12.68,12.46,12.28
1981-02-01,,14.59,14.08,13.95,13.76,13.58,13.43,13.18,12.97
1981-03-01,,13.05,13.17,13.27,13.39,13.3,13.13,12.95,12.65
1981-04-01,,15.33,14.84,14.68,14.45,14.26,14.11,13.87,13.65
1981-05-01,,14.81,14.4,14.31,13.99,13.65,13.5,13.31,13.06
1981-06-01,,14.87,14.66,14.57,14.25,14.15,13.86,13.59,13.3
1981-07-01,,16.12,15.84,15.63,15.24,14.87,14.67,14.31,13.96
1981-08-01,,16.97,16.73,16.33,16.11,15.71,15.41,15.15,14.78
1981-09-01,16.19,16.64,16.69,16.45,16.27,16.05,15.84,15.78,15.19
1981-10-01,13.96,14.31,14.59,14.65,14.78,14.73,14.63,14.75,14.36
1981-11-01,11.45,11.82,12.36,12.81,12.79,12.86,13.13,13.13,12.91
1981-12-01,12.94,13.35,13.63,13.99,13.97,13.97,13.98,14.04,13.65
1982-01-01,13.76,14.04,14.24,14.26,14.24,14.23,14.14,14.21,13.91
1982-02-01,14.11,14.27,14.44,14.44,14.12,14.08,14.03,14.09,13.83
1982-03-01,14.27,14.3,14.52,14.52,14.39,14.37,14.18,13.89,13.68
1982-04-01,13.51,13.67,13.99,14.0,13.9,13.88,13.87,13.57,13.39
1982-05-01,12.56,12.93,13.62,13.73,13.76,13.86,13.71,13.63,13.39
1982-06-01,14.14,14.34,14.66,14.78,14.65,14.66,14.44,14.18,13.91
1982-07-01,11.9,12.56,13.17,13.53,13.73,13.75,13.68,13.63,13.42
1982-08-01,10.21,11.13,11.99,12.36,12.65,12.89,12.81,12.59,12.5
1982-09-01,8.68,10.26,11.23,11.52,11.69,11.72,11.73,11.65,11.79
1982-10-01,8.73,9.21,9.85,10.35,10.58,10.68,10.71,10.79,11.01
1982-11-01,9.04,9.38,9.96,10.08,10.37,10.67,10.79,10.79,10.7
1982-12-01,8.42,8.68,9.48,9.74,10.09,10.32,10.36,10.62,10.43
1983-01-01,8.65,8.91,9.58,9.93,10.31,10.69,10.8,11.14,10.99
1983-02-01,8.38,8.61,9.31,9.55,9.83,10.01,10.27,10.62,10.51
1983-03-01,9.2,9.34,9.87,10.04,10.27,10.52,10.62,10.84,10.69
1983-04-01,8.55,8.75,9.35,9.58,9.88,10.15,10.27,10.52,10.38
1983-05-01,9.26,9.48,10.02,10.21,10.55,10.77,10.81,11.12,10.97
1983-06-01,9.43,9.7,10.23,10.41,10.76,10.92,10.96,11.2,11.01
1983-07-01,9.99,10.48,11.03,11.22,11.59,11.74,11.76,12.01,11.8
1983-08-01,10.19,10.59,11.18,11.45,11.79,11.94,11.98,12.15,11.96
1983-09-01,9.41,9.89,10.53,10.79,11.2,11.39,11.44,11.64,11.44
1983-10-01,9.3,9.82,10.61,10.98,11.39,11.62,11.74,11.93,11.78
1983-11-01,9.61,9.98,10.67,10.96,11.36,11.57,11.63,11.83,11.67
1983-12-01,9.73,10.08,10.85,11.13,11.57,11.77,11.82,11.98,11.87
1984-01-01,9.53,9.85,10.58,10.89,11.34,11.56,11.67,11.82,11.78
1984-02-01,9.89,10.21,10.99,11.22,11.74,11.97,12.04,12.21,12.14
1984-03-01,10.49,10.8,11.6,11.86,12.28,12.45,12.53,12.51,12.52
1984-04-01,10.48,11.11,11.89,12.2,12.57,12.75,12.82,12.88,12.86
1984-05-01,11.33,12.15,13.0,13.33,13.76,13.87,13.91,13.83,13.84
1984-06-01,11.19,12.3,13.17,13.48,13.72,13.82,13.84,13.77,13.64
1984-07-01,11.4,11.86,12.57,12.7,12.85,12.91,12.91,12.94,12.87
1984-08-01,11.48,11.96,12.54,12.61,12.77,12.85,12.79,12.7,12.51
1984-09-01,11.05,11.43,12.07,12.28,12.48,12.54,12.47,12.37,12.28
1984-10-01,9.84,10.26,11.09,11.36,11.59,11.7,11.79,11.71,11.64
1984-11-01,9.18,9.71,10.5,10.86,11.25,11.56,11.58,11.71,11.58
1984-12-01,8.64,9.22,10.02,10.52,11.08,11.52,11.55,11.7,11.54
1985-01-01,8.61,9.09,9.9,10.36,10.77,11.07,11.17,11.3,11.21
1985-02-01,9.32,9.72,10.66,11.03,11.55,11.87,11.91,12.13,11.9
1985-03-01,9.06,9.49,10.43,10.79,11.29,11.59,11.65,11.89,11.64
1985-04-01,8.56,8.99,9.91,10.39,10.91,11.31,11.41,11.7,11.48
1985-05-01,7.62,7.98,8.92,9.27,9.68,10.15,10.28,10.7,10.58
1985-06-01,7.33,7.71,8.67,9.08,9.65,10.08,10.25,10.61,10.47
1985-07-01,7.83,8.12,9.01,9.47,9.98,10.41,10.57,10.89,10.7
1985-08-01,7.7,8.03,8.96,9.33,9.74,10.17,10.28,10.67,10.48
1985-09-01,7.44,7.99,8.88,9.27,9.73,10.15,10.31,10.75,10.57
1985-10-01,7.67,7.92,8.7,9.06,9.47,9.82,10.01,10.45,10.28
1985-11-01,7.63,7.85,8.46,8.7,9.07,9.47,9.59,10.07,9.86
1985-12-01,7.44,7.6,7.98,8.22,8.49,8.87,9.0,9.5,9.27
1986-01-01,7.41,7.57,7.99,8.25,8.53,8.88,9.08,9.48,9.34
1986-02-01,7.36,7.43,7.71,7.79,7.91,8.05,8.13,8.34,8.27
1986-03-01,6.57,6.72,6.92,7.02,7.19,7.21,7.39,7.46,7.44
1986-04-01,6.44,6.54,6.83,7.02,7.17,7.26,7.38,7.55,7.47
1986-05-01,6.7,6.88,7.36,7.58,7.82,8.03,8.05,7.9,7.74
1986-06-01,6.22,6.41,6.81,7.0,7.23,7.29,7.35,7.3,7.24
1986-07-01,6.06,6.2,6.57,6.81,7.02,7.22,7.34,7.42,7.46
1986-08-01,5.38,5.52,5.94,6.13,6.4,6.75,6.95,7.12,7.21
1986-09-01,5.61,5.82,6.38,6.68,6.98,7.31,7.45,7.55,7.6
1986-10-01,5.5,5.73,6.26,6.51,6.76,7.1,7.34,7.54,7.61
1986-11-01,5.65,5.76,6.21,6.38,6.65,7.0,7.15,7.3,7.41
1986-12-01,5.87,5.95,6.35,6.56,6.81,7.09,7.23,7.39,7.49
1987-01-01,5.83,5.93,6.33,6.51,6.71,6.99,7.18,7.39,7.48
1987-02-01,5.68,5.9,6.35,6.51,6.71,7.0,7.19,7.39,7.48
1987-03-01,6.01,6.15,6.54,6.79,7.02,7.29,7.51,,7.81
1987-04-01,6.25,6.62,7.38,7.63,7.82,8.07,8.21,,8.45
1987-05-01,6.47,6.88,7.69,7.94,8.15,8.35,8.49,,8.65
1987-06-01,6.19,6.77,7.48,7.76,8.02,8.24,8.38,,8.51
1987-07-01,6.46,6.89,7.63,7.95,8.21,8.48,8.66,,8.89
1987-08-01,6.62,7.23,7.97,8.27,8.52,8.83,9.0,,9.17
1987-09-01,7.19,7.92,8.6,8.93,9.21,9.5,9.63,,9.79
1987-10-01,6.27,6.75,7.58,8.0,8.37,8.69,8.88,,9.03
1987-11-01,6.41,7.0,7.73,8.05,8.43,8.82,8.99,,9.1
1987-12-01,6.47,7.1,7.77,8.04,8.33,8.67,8.83,,8.95
1988-01-01,6.32,6.66,7.22,7.48,7.76,8.06,8.26,,8.42
1988-02-01,6.06,6.63,7.13,7.33,7.64,7.95,8.16,,8.39
1988-03-01,6.32,6.76,7.41,7.66,8.04,8.4,8.57,,8.82
1988-04-01,6.66,7.14,7.73,7.98,8.33,8.65,8.87,,9.11
1988-05-01,7.19,7.66,8.21,8.44,8.73,9.03,9.2,,9.3
1988-06-01,7.04,7.5,8.02,8.18,8.41,8.7,8.82,,8.87
1988-07-01,7.5,7.9,8.39,8.57,8.75,8.98,9.12,,9.23
1988-08-01,7.89,8.28,8.71,8.83,8.95,9.13,9.25,,9.31
1988-09-01,7.85,8.13,8.43,8.52,8.61,8.78,8.87,,8.98
1988-10-01,7.89,8.06,8.25,8.32,8.37,8.52,8.65,,8.74
1988-11-01,8.42,8.62,8.84,8.87,8.91,9.02,9.06,,9.07
1988-12-01,8.67,9.02,9.14,9.18,9.14,9.18,9.14,,9.0
1989-01-01,8.91,9.04,9.12,9.13,9.08,9.03,9.01,,8.84
1989-02-01,9.23,9.4,9.55,9.43,9.42,9.39,9.32,,9.14
1989-03-01,9.54,9.64,9.73,9.66,9.53,9.4,9.3,,9.11
1989-04-01,9.0,9.12,9.22,9.15,9.06,9.04,9.02,,8.91
1989-05-01,8.87,8.86,8.82,8.78,8.65,8.64,8.6,,8.6
1989-06-01,8.14,8.12,8.08,8.05,8.03,8.1,8.1,,8.05
1989-07-01,7.83,7.65,7.53,7.58,7.56,7.68,7.82,,7.92
1989-08-01,8.21,8.28,8.42,8.37,8.27,8.3,8.26,,8.21
1989-09-01,8.34,8.48,8.46,8.46,8.36,8.4,8.31,,8.24
1989-10-01,7.99,7.88,7.85,7.91,7.86,7.92,7.92,,7.92
1989-11-01,7.78,7.72,7.75,7.75,7.74,7.83,7.84,,7.9
1989-12-01,7.87,7.76,7.87,7.87,7.86,7.97,7.93,,7.98
1990-01-01,8.13,8.08,8.28,8.36,8.35,8.39,8.43,,8.46
1990-02-01,8.14,8.12,8.43,8.45,8.44,8.54,8.51,,8.54
1990-03-01,8.24,8.35,8.64,8.69,8.65,8.7,8.65,,8.63
1990-04-01,8.44,8.58,8.96,9.05,9.04,9.06,9.04,,9.0
1990-05-01,8.12,8.22,8.5,8.53,8.56,8.64,8.6,,8.58
1990-06-01,8.02,8.05,8.24,8.32,8.35,8.46,8.43,,8.41
1990-07-01,7.72,7.72,7.91,8.04,8.13,8.28,8.36,,8.42
1990-08-01,7.74,7.76,8.07,8.26,8.5,8.77,8.86,,8.99
1990-09-01,7.54,7.69,8.02,8.19,8.47,8.73,8.82,,8.96
1990-10-01,7.46,7.43,7.77,7.97,8.24,8.5,8.65,,8.78
1990-11-01,7.36,7.31,7.53,7.67,7.91,8.18,8.26,,8.4
1990-12-01,6.73,6.82,7.15,7.4,7.68,8.0,8.08,,8.26
1991-01-01,6.49,6.51,7.05,7.3,7.62,7.89,8.03,,8.21
1991-02-01,6.32,6.41,7.04,7.26,7.66,7.89,8.02,,8.19
1991-03-01,6.05,6.28,7.02,7.3,7.73,7.96,8.05,,8.24
1991-04-01,5.83,6.06,6.8,7.15,7.63,7.88,8.02,,8.2
1991-05-01,5.94,6.16,6.68,7.1,7.69,7.92,8.06,,8.26
1991-06-01,5.95,6.32,6.9,7.33,7.9,8.14,8.24,,8.42
1991-07-01,5.93,6.19,6.81,7.21,7.77,8.03,8.2,,8.36
1991-08-01,5.6,5.72,6.36,6.68,7.34,7.67,7.82,,8.06
1991-09-01,5.34,5.42,5.99,6.28,6.92,7.29,7.47,,7.82
1991-10-01,5.03,5.1,5.7,6.06,6.74,7.15,7.47,,7.91
1991-11-01,4.57,4.69,5.38,5.76,6.48,6.99,7.38,,7.94
1991-12-01,4.0,4.12,4.77,5.11,5.93,6.38,6.71,,7.41
1992-01-01,4.07,4.23,5.11,5.65,6.44,6.92,7.31,,7.77
1992-02-01,4.14,4.35,5.27,5.75,6.58,6.95,7.27,,7.8
1992-03-01,4.32,4.54,5.6,6.17,6.94,7.25,7.54,,7.96
1992-04-01,3.97,4.4,5.46,6.05,6.91,7.26,7.61,,8.06
1992-05-01,3.96,4.24,5.19,5.75,6.61,7.0,7.33,,7.84
1992-06-01,3.77,4.05,4.83,5.39,6.29,6.76,7.14,,7.79
1992-07-01,3.38,3.62,4.42,4.97,5.84,6.27,6.72,,7.46
1992-08-01,3.35,3.47,4.15,4.69,5.6,6.17,6.62,,7.42
1992-09-01,2.92,3.06,3.8,4.34,5.33,5.94,6.37,,7.38
1992-10-01,3.29,3.54,4.4,4.98,5.9,6.36,6.8,,7.63
1992-11-01,3.58,3.83,4.79,5.36,6.23,6.61,6.95,,7.59
1992-12-01,3.38,3.61,4.56,5.12,6.04,6.43,6.7,,7.4
1993-01-01,3.16,3.39,4.2,4.72,5.57,6.0,6.39,,7.21
1993-02-01,3.14,3.32,3.92,4.37,5.21,5.67,6.03,,6.9
1993-03-01,3.09,3.32,3.96,4.42,5.24,5.72,6.03,,6.93
1993-04-01,3.07,3.26,3.83,4.3,5.14,5.63,6.05,,6.95
1993-05-01,3.32,3.62,4.24,4.63,5.37,5.8,6.16,,6.98
1993-06-01,3.22,3.45,4.03,4.39,5.05,5.46,5.8,,6.68
1993-07-01,3.28,3.53,4.13,4.5,5.16,5.5,5.83,,6.57
1993-08-01,3.21,3.38,3.88,4.2,4.8,5.11,5.45,,6.09
1993-09-01,3.13,3.39,3.89,4.24,4.79,5.11,5.4,,6.04
1993-10-01,3.28,3.47,3.99,4.3,4.83,5.19,5.43,6.12,5.96
1993-11-01,3.4,3.65,4.22,4.55,5.15,5.53,5.83,6.46,6.29
1993-12-01,3.3,3.63,4.25,4.58,5.21,5.53,5.83,6.48,6.35
1994-01-01,3.25,3.53,4.12,4.44,5.02,5.34,5.7,6.29,6.23
1994-02-01,3.72,4.03,4.67,5.04,5.6,5.94,6.15,6.75,6.67
1994-03-01,3.92,4.5,5.21,5.66,6.23,6.59,6.77,7.23,7.11
1994-04-01,4.45,5.07,5.73,6.16,6.64,6.88,7.06,7.44,7.31
1994-05-01,4.87,5.38,6.01,6.36,6.77,6.99,7.17,7.58,7.44
1994-06-01,4.83,5.51,6.19,6.52,6.97,7.18,7.34,7.75,7.63
1994-07-01,4.87,5.37,5.99,6.33,6.73,6.92,7.12,7.46,7.39
1994-08-01,5.03,5.56,6.17,6.44,6.81,7.0,7.19,7.6,7.46
1994-09-01,5.43,5.96,6.62,6.92,7.28,7.46,7.62,7.98,7.82
1994-10-01,5.72,6.18,6.84,7.1,7.48,7.65,7.81,8.09,7.97
1994-11-01,6.22,6.91,7.4,7.62,7.79,7.84,7.91,8.1,7.99
1994-12-01,6.51,7.2,7.69,7.8,7.83,7.84,7.84,8.02,7.89
1995-01-01,6.4,6.84,7.26,7.39,7.54,7.58,7.6,7.81,7.71
1995-02-01,6.19,6.44,6.79,6.9,7.06,7.15,7.22,7.58,7.46
1995-03-01,6.13,6.49,6.8,6.92,7.08,7.17,7.2,7.54,7.44
1995-04-01,6.08,6.32,6.6,6.72,6.88,6.95,7.07,7.42,7.34
1995-05-01,5.83,5.8,5.89,5.95,6.08,6.18,6.3,6.72,6.67
1995-06-01,5.59,5.65,5.79,5.88,5.98,6.12,6.21,6.64,6.63
1995-07-01,5.63,5.67,5.88,6.02,6.16,6.35,6.45,6.88,6.86
1995-08-01,5.53,5.65,5.85,5.95,6.07,6.21,6.28,6.72,6.65
1995-09-01,5.57,5.65,5.83,5.91,6.01,6.11,6.17,6.6,6.49
1995-10-01,5.55,5.55,5.61,5.7,5.81,5.92,6.03,6.4,6.34
1995-11-01,5.46,5.36,5.36,5.41,5.53,5.68,5.76,6.2,6.14
1995-12-01,5.17,5.18,5.18,5.25,5.38,5.49,5.58,6.01,5.96
1996-01-01,4.97,4.9,4.93,5.06,5.25,5.46,5.6,6.07,6.03
1996-02-01,5.05,5.23,5.44,5.56,5.73,5.99,6.13,6.57,6.48
1996-03-01,5.2,5.41,5.79,5.91,6.1,6.3,6.34,6.83,6.67
1996-04-01,5.3,5.62,6.03,6.19,6.4,6.58,6.66,7.06,6.89
1996-05-01,5.36,5.77,6.27,6.44,6.64,6.78,6.85,7.17,7.0
1996-06-01,5.37,5.7,6.11,6.3,6.47,6.61,6.73,7.03,6.9
1996-07-01,5.47,5.85,6.22,6.39,6.57,6.68,6.8,7.07,6.98
1996-08-01,5.49,5.91,6.34,6.54,6.73,6.86,6.96,7.28,7.13
1996-09-01,5.37,5.71,6.1,6.28,6.46,6.6,6.72,7.05,6.93
1996-10-01,5.3,5.44,5.77,5.92,6.1,6.24,6.37,6.74,6.66
1996-11-01,5.25,5.38,5.59,5.7,5.84,5.97,6.06,6.45,6.36
1996-12-01,5.33,5.51,5.88,6.04,6.21,6.34,6.43,6.73,6.65
1997-01-01,5.28,5.58,5.94,6.08,6.26,6.4,6.53,6.86,6.8
1997-02-01,5.39,5.67,6.09,6.23,6.39,6.5,6.56,6.91,6.8
1997-03-01,5.55,6.02,6.45,6.6,6.77,6.89,6.92,7.22,7.1
1997-04-01,5.53,5.9,6.29,6.42,6.57,6.68,6.72,7.05,6.95
1997-05-01,5.46,5.78,6.22,6.37,6.51,6.61,6.67,6.99,6.92
1997-06-01,5.34,5.67,6.08,6.25,6.4,6.49,6.51,6.86,6.8
1997-07-01,5.33,5.45,5.74,5.81,5.9,5.99,6.02,6.35,6.3
1997-08-01,5.39,5.59,5.97,6.1,6.22,6.33,6.34,6.69,6.61
1997-09-01,5.28,5.47,5.8,5.88,6.0,6.11,6.12,6.47,6.41
1997-10-01,5.32,5.36,5.63,5.7,5.72,5.87,5.84,6.21,6.15
1997-11-01,5.43,5.52,5.76,5.8,5.83,5.89,5.86,6.12,6.04
1997-12-01,5.45,5.51,5.66,5.68,5.71,5.77,5.75,6.02,5.93
1998-01-01,5.24,5.24,5.32,5.35,5.39,5.51,5.53,5.88,5.82
1998-02-01,5.33,5.41,5.55,5.55,5.59,5.67,5.62,5.99,5.92
1998-03-01,5.27,5.41,5.6,5.61,5.64,5.74,5.67,6.02,5.94
1998-04-01,5.24,5.4,5.59,5.62,5.65,5.74,5.68,6.04,5.95
1998-05-01,5.33,5.42,5.53,5.54,5.56,5.63,5.56,5.9,5.81
1998-06-01,5.24,5.38,5.49,5.49,5.47,5.52,5.44,5.73,5.62
1998-07-01,5.21,5.38,5.49,5.48,5.52,5.56,5.5,5.81,5.72
1998-08-01,5.03,4.95,4.91,4.85,4.91,5.03,5.05,5.45,5.3
1998-09-01,4.49,4.41,4.3,4.26,4.23,4.38,4.44,5.17,4.98
1998-10-01,4.36,4.18,4.12,4.24,4.24,4.47,4.64,5.38,5.15
1998-11-01,4.58,4.53,4.54,4.54,4.51,4.7,4.74,5.33,5.08
1998-12-01,4.55,4.53,4.54,4.55,4.56,4.73,4.65,5.39,5.09
1999-01-01,4.47,4.51,4.58,4.57,4.55,4.72,4.66,5.35,5.09
1999-02-01,4.7,4.88,5.13,5.16,5.21,5.39,5.29,5.85,5.57
1999-03-01,4.53,4.72,4.99,5.07,5.12,5.38,5.25,5.92,5.63
1999-04-01,4.66,4.78,5.08,5.17,5.24,5.42,5.36,5.94,5.68
1999-05-01,4.83,4.97,5.42,5.51,5.6,5.83,5.64,6.15,5.84
1999-06-01,5.04,5.07,5.53,5.59,5.67,5.93,5.81,6.29,5.98
1999-07-01,4.85,5.13,5.63,5.7,5.82,6.1,5.92,6.4,6.11
1999-08-01,5.21,5.3,5.73,5.82,5.88,6.2,5.98,6.49,6.07
1999-09-01,4.99,5.22,5.63,5.7,5.78,6.1,5.9,6.47,6.06
1999-10-01,5.28,5.43,5.79,5.9,5.97,6.19,6.02,6.52,6.16
1999-11-01,5.57,5.7,6.01,6.05,6.11,6.28,6.18,6.62,6.29
1999-12-01,5.74,5.98,6.24,6.29,6.36,6.55,6.45,6.83,6.48
2000-01-01,5.97,6.3,6.61,6.65,6.71,6.75,6.68,6.72,6.49
2000-02-01,6.02,6.2,6.53,6.58,6.61,6.67,6.42,6.46,6.15
2000-03-01,6.15,6.28,6.5,6.44,6.32,6.28,6.03,6.2,5.84
2000-04-01,6.12,6.24,6.68,6.64,6.56,6.49,6.23,6.31,5.97
2000-05-01,6.35,6.37,6.69,6.66,6.54,6.52,6.29,6.42,6.02
2000-06-01,6.23,6.08,6.38,6.31,6.18,6.25,6.03,6.26,5.9
2000-07-01,6.42,6.07,6.3,6.24,6.16,6.19,6.04,6.13,5.79
2000-08-01,6.38,6.22,6.18,6.09,5.98,5.98,5.73,5.96,5.67
2000-09-01,6.28,6.07,5.98,5.91,5.85,5.93,5.8,6.13,5.88
2000-10-01,6.36,6.12,5.94,5.87,5.83,5.87,5.77,6.02,5.79
2000-11-01,6.18,5.92,5.61,5.52,5.42,5.5,5.48,5.78,5.6
2000-12-01,5.7,5.32,5.11,5.06,4.99,5.16,5.12,5.59,5.46
2001-01-01,4.83,4.6,4.62,4.67,4.85,5.08,5.19,5.65,5.54
2001-02-01,4.7,4.47,4.41,4.48,4.7,4.93,4.92,5.51,5.34
2001-03-01,4.09,4.09,4.18,4.33,4.62,4.86,4.93,5.6,5.46
2001-04-01,3.97,3.94,4.3,4.55,4.97,5.22,5.35,5.92,5.78
2001-05-01,3.59,3.63,4.22,4.49,4.94,5.27,5.43,5.95,5.78
2001-06-01,3.63,3.72,4.25,4.52,4.97,5.28,5.42,5.91,5.75
2001-07-01,3.47,3.53,3.79,4.06,4.57,4.86,5.07,5.61,5.51
2001-08-01,3.31,3.41,3.64,3.91,4.46,4.72,4.85,5.47,5.39
2001-09-01,2.36,2.49,2.86,3.22,3.93,4.37,4.6,5.45,5.42
2001-10-01,1.95,2.07,2.44,2.87,3.66,4.03,4.3,5.05,4.89
2001-11-01,1.79,2.06,2.84,3.3,4.08,4.55,4.78,5.54,5.27
2001-12-01,1.83,2.17,3.07,3.59,4.38,4.84,5.07,5.74,5.48
2002-01-01,1.89,2.29,3.16,3.7,4.42,4.82,5.07,5.68,5.44
2002-02-01,1.87,2.25,3.06,3.64,4.27,4.7,4.88,5.61,5.54
2002-03-01,2.12,2.7,3.72,4.31,4.91,5.29,5.42,6.03,5.91
2002-04-01,1.91,2.35,3.24,3.83,4.53,4.88,5.11,5.74,5.72
2002-05-01,1.91,2.34,3.22,3.73,4.37,4.77,5.08,5.77,5.75
2002-06-01,1.75,2.06,2.9,3.37,4.09,4.52,4.86,5.65,5.7
2002-07-01,1.7,1.8,2.23,2.67,3.53,4.09,4.51,5.41,5.51
2002-08-01,1.67,1.74,2.14,2.5,3.22,3.78,4.14,5.06,5.11
2002-09-01,1.51,1.53,1.72,2.02,2.63,3.25,3.63,4.75,4.88
2002-10-01,1.43,1.46,1.68,2.05,2.81,3.45,3.93,5.03,5.28
2002-11-01,1.3,1.56,2.08,2.51,3.28,3.88,4.22,5.18,5.23
2002-12-01,1.23,1.32,1.61,1.99,2.78,3.36,3.83,4.83,5.03
2003-01-01,1.19,1.31,1.72,2.16,3.02,3.55,4.0,4.93,5.03
2003-02-01,1.19,1.24,1.53,1.91,2.69,3.24,3.71,4.7,4.9
2003-03-01,1.13,1.19,1.51,1.93,2.78,3.35,3.83,4.84,5.07
2003-04-01,1.15,1.22,1.51,1.95,2.85,3.39,3.89,4.79,5.0
2003-05-01,1.09,1.13,1.33,1.58,2.3,2.87,3.37,4.36,4.59
2003-06-01,0.98,1.09,1.32,1.66,2.46,3.03,3.54,4.52,4.81
2003-07-01,1.02,1.28,1.8,2.33,3.38,3.98,4.49,5.43,5.56
2003-08-01,1.06,1.35,1.95,2.51,3.46,4.0,4.45,5.33,5.3
2003-09-01,1.01,1.15,1.5,1.95,2.85,3.41,3.96,4.91,5.07
2003-10-01,1.04,1.31,1.85,2.36,3.27,3.8,4.33,5.2,5.28
2003-11-01,1.04,1.39,2.06,2.56,3.38,3.89,4.34,5.2,5.23
2003-12-01,1.02,1.26,1.84,2.37,3.25,3.77,4.27,5.1,5.23
2004-01-01,1.01,1.28,1.84,2.35,3.17,3.68,4.16,5.0,5.11
2004-02-01,1.01,1.21,1.66,2.13,3.01,3.48,3.99,4.85,5.01
2004-03-01,1.01,1.2,1.6,1.99,2.8,3.33,3.86,4.77,4.93
2004-04-01,1.17,1.55,2.31,2.86,3.63,4.11,4.53,5.31,5.39
2004-05-01,1.39,1.83,2.54,3.1,3.81,4.26,4.66,5.39,5.42
2004-06-01,1.68,2.09,2.7,3.16,3.81,4.24,4.62,5.33,5.41
2004-07-01,1.77,2.13,2.68,3.09,3.71,4.13,4.5,5.24,5.31
2004-08-01,1.79,1.99,2.41,2.75,3.33,3.76,4.13,4.93,5.01
2004-09-01,2.0,2.21,2.63,2.89,3.38,3.79,4.14,4.89,4.97
2004-10-01,2.13,2.28,2.56,2.82,3.3,3.7,4.05,4.79,4.87
2004-11-01,2.44,2.63,3.02,3.29,3.72,4.07,4.36,5.03,5.07
2004-12-01,2.59,2.75,3.08,3.25,3.63,3.94,4.24,4.85,4.86
2005-01-01,2.79,2.96,3.29,3.43,3.71,3.92,4.14,4.64,4.62
2005-02-01,3.01,3.2,3.59,3.75,4.0,4.18,4.36,4.79,4.71
2005-03-01,3.13,3.35,3.8,3.96,4.18,4.33,4.5,4.88,4.76
2005-04-01,3.17,3.33,3.66,3.73,3.9,4.03,4.21,4.61,4.53
2005-05-01,3.18,3.32,3.6,3.65,3.76,3.86,4.0,4.4,4.36
2005-06-01,3.34,3.45,3.66,3.67,3.72,3.8,3.94,4.28,4.19
2005-07-01,3.69,3.8,4.02,4.06,4.12,4.19,4.28,4.56,4.42
2005-08-01,3.74,3.77,3.84,3.83,3.87,3.93,4.02,4.3,4.23
2005-09-01,3.93,4.01,4.18,4.18,4.18,4.23,4.34,4.62,4.53
2005-10-01,4.26,4.31,4.4,4.41,4.45,4.49,4.57,4.84,4.73
2005-11-01,4.31,4.34,4.42,4.41,4.42,4.45,4.49,4.81,4.66
2005-12-01,4.37,4.38,4.41,4.37,4.35,4.36,4.39,4.61,4.51
2006-01-01,4.59,4.58,4.54,4.49,4.47,4.49,4.53,4.74,4.69
2006-02-01,4.74,4.73,4.69,4.67,4.61,4.57,4.55,4.7,4.51
2006-03-01,4.81,4.82,4.82,4.83,4.82,4.83,4.86,5.07,4.9
2006-04-01,4.91,4.9,4.87,4.87,4.92,4.98,5.07,5.31,5.17
2006-05-01,5.08,5.07,5.04,5.03,5.04,5.06,5.12,5.35,5.21
2006-06-01,5.24,5.21,5.16,5.13,5.1,5.11,5.15,5.31,5.19
2006-07-01,5.18,5.11,4.97,4.93,4.91,4.93,4.99,5.17,5.07
2006-08-01,5.11,5.01,4.79,4.71,4.7,4.7,4.74,4.95,4.88
2006-09-01,5.02,4.91,4.71,4.62,4.59,4.6,4.64,4.84,4.77
2006-10-01,5.13,4.99,4.71,4.62,4.57,4.57,4.61,4.81,4.72
2006-11-01,5.1,4.94,4.62,4.52,4.45,4.45,4.46,4.66,4.56
2006-12-01,5.09,5.0,4.82,4.74,4.7,4.7,4.71,4.91,4.81
2007-01-01,5.16,5.09,4.94,4.85,4.82,4.82,4.83,5.02,4.93
2007-02-01,5.12,4.96,4.65,4.55,4.52,4.53,4.56,4.78,4.68
2007-03-01,5.06,4.9,4.58,4.54,4.54,4.58,4.65,4.92,4.84
2007-04-01,5.03,4.89,4.6,4.54,4.51,4.55,4.63,4.88,4.81
2007-05-01,4.96,4.95,4.92,4.88,4.86,4.87,4.9,5.1,5.01
2007-06-01,4.93,4.91,4.87,4.89,4.92,4.96,5.03,5.21,5.12
2007-07-01,4.99,4.85,4.56,4.55,4.6,4.67,4.78,5.0,4.92
2007-08-01,4.21,4.19,4.15,4.16,4.25,4.36,4.54,4.87,4.83
2007-09-01,4.09,4.05,3.97,4.03,4.23,4.38,4.59,4.89,4.83
2007-10-01,4.09,4.04,3.94,3.94,4.16,4.29,4.48,4.79,4.74
2007-11-01,3.37,3.26,3.04,3.09,3.41,3.64,3.97,4.44,4.4
2007-12-01,3.49,3.34,3.05,3.07,3.45,3.7,4.04,4.5,4.45
2008-01-01,2.07,2.11,2.17,2.27,2.82,3.19,3.67,4.35,4.35
2008-02-01,1.83,1.77,1.65,1.87,2.5,2.96,3.53,4.37,4.41
2008-03-01,1.51,1.55,1.62,1.79,2.46,2.88,3.45,4.3,4.3
2008-04-01,1.64,1.85,2.29,2.49,3.03,3.34,3.77,4.49,4.49
2008-05-01,2.01,2.22,2.66,2.93,3.41,3.68,4.06,4.74,4.72
2008-06-01,2.17,2.36,2.63,2.91,3.34,3.61,3.99,4.59,4.53
2008-07-01,1.89,2.27,2.52,2.81,3.25,3.56,3.99,4.63,4.59
2008-08-01,1.97,2.17,2.36,2.6,3.1,3.45,3.83,4.47,4.43
2008-09-01,1.6,1.78,2.0,2.28,2.98,3.38,3.85,4.43,4.31
2008-10-01,0.94,1.34,1.56,1.8,2.8,3.29,4.01,4.74,4.35
2008-11-01,0.44,0.9,1.0,1.27,1.93,2.35,2.93,3.71,3.45
2008-12-01,0.27,0.37,0.76,1.0,1.55,1.87,2.25,3.05,2.69
2009-01-01,0.36,0.51,0.94,1.32,1.85,2.27,2.87,3.86,3.58
2009-02-01,0.45,0.72,1.0,1.4,1.99,2.69,3.02,3.98,3.71
2009-03-01,0.43,0.57,0.81,1.15,1.67,2.28,2.71,3.61,3.56
2009-04-01,0.29,0.49,0.91,1.38,2.02,2.7,3.16,4.1,4.05
2009-05-01,0.3,0.47,0.92,1.42,2.34,3.06,3.47,4.34,4.34
2009-06-01,0.35,0.56,1.11,1.64,2.54,3.19,3.53,4.3,4.32
2009-07-01,0.26,0.48,1.13,1.62,2.53,3.14,3.52,4.29,4.31
2009-08-01,0.24,0.43,0.97,1.49,2.39,3.03,3.4,4.14,4.18
2009-09-01,0.18,0.4,0.95,1.45,2.31,2.93,3.31,4.02,4.03
2009-10-01,0.16,0.37,0.9,1.43,2.31,2.98,3.41,4.19,4.23
2009-11-01,0.15,0.27,0.67,1.12,2.01,2.69,3.21,4.07,4.2
2009-12-01,0.2,0.47,1.14,1.7,2.69,3.39,3.85,4.58,4.63
2010-01-01,0.15,0.3,0.82,1.38,2.34,3.08,3.63,4.38,4.51
2010-02-01,0.19,0.32,0.81,1.36,2.3,3.05,3.61,4.4,4.55
2010-03-01,0.24,0.41,1.02,1.6,2.55,3.28,3.84,4.55,4.72
2010-04-01,0.25,0.41,0.97,1.51,2.43,3.12,3.69,4.36,4.53
2010-05-01,0.22,0.34,0.76,1.26,2.1,2.75,3.31,4.05,4.22
2010-06-01,0.22,0.32,0.61,1.0,1.79,2.42,2.97,3.74,3.91
2010-07-01,0.2,0.29,0.55,0.84,1.6,2.3,2.94,3.74,3.98
2010-08-01,0.19,0.25,0.47,0.72,1.33,1.92,2.47,3.23,3.52
2010-09-01,0.19,0.27,0.42,0.64,1.27,1.91,2.53,3.38,3.69
2010-10-01,0.17,0.22,0.34,0.51,1.17,1.89,2.63,3.64,3.99
2010-11-01,0.21,0.27,0.45,0.72,1.47,2.16,2.81,3.8,4.12
2010-12-01,0.19,0.29,0.61,1.02,2.01,2.71,3.3,4.13,4.34
2011-01-01,0.17,0.26,0.58,0.98,1.95,2.71,3.42,4.33,4.58
2011-02-01,0.18,0.25,0.69,1.18,2.13,2.82,3.42,4.25,4.49
2011-03-01,0.17,0.3,0.8,1.29,2.24,2.9,3.47,4.29,4.51
2011-04-01,0.11,0.22,0.61,1.01,1.97,2.66,3.32,4.15,4.4
2011-05-01,0.12,0.18,0.45,0.79,1.68,2.37,3.05,3.91,4.22
2011-06-01,0.1,0.19,0.45,0.81,1.76,2.5,3.18,4.09,4.38
2011-07-01,0.16,0.2,0.36,0.55,1.35,2.09,2.82,3.77,4.12
2011-08-01,0.05,0.1,0.2,0.33,0.96,1.56,2.23,3.19,3.6
2011-09-01,0.06,0.13,0.25,0.42,0.96,1.43,1.92,2.66,2.9
2011-10-01,0.06,0.12,0.25,0.41,0.99,1.58,2.17,2.89,3.16
2011-11-01,0.06,0.12,0.25,0.41,0.96,1.53,2.08,2.77,3.06
2011-12-01,0.06,0.12,0.25,0.36,0.83,1.35,1.89,2.57,2.89
2012-01-01,0.08,0.13,0.22,0.3,0.71,1.24,1.83,2.59,2.94
2012-02-01,0.13,0.18,0.3,0.43,0.87,1.39,1.98,2.73,3.08
2012-03-01,0.15,0.19,0.33,0.51,1.04,1.61,2.23,3.0,3.35
2012-04-01,0.15,0.2,0.27,0.38,0.82,1.33,1.95,2.73,3.12
2012-05-01,0.14,0.18,0.27,0.35,0.67,1.03,1.59,2.27,2.67
2012-06-01,0.16,0.21,0.33,0.41,0.72,1.11,1.67,2.38,2.76
2012-07-01,0.14,0.16,0.23,0.3,0.6,0.98,1.51,2.21,2.56
2012-08-01,0.14,0.16,0.22,0.3,0.59,1.01,1.57,2.29,2.68
2012-09-01,0.14,0.17,0.23,0.31,0.62,1.04,1.65,2.42,2.82
2012-10-01,0.16,0.18,0.3,0.38,0.72,1.14,1.72,2.46,2.85
2012-11-01,0.13,0.18,0.25,0.34,0.61,1.04,1.62,2.37,2.81
2012-12-01,0.11,0.16,0.25,0.36,0.72,1.18,1.78,2.54,2.95
2013-01-01,0.12,0.15,0.27,0.42,0.88,1.38,2.02,2.79,3.17
2013-02-01,0.13,0.17,0.25,0.36,0.77,1.26,1.89,2.71,3.1
2013-03-01,0.11,0.14,0.25,0.36,0.77,1.24,1.87,2.71,3.1
2013-04-01,0.09,0.11,0.22,0.32,0.68,1.11,1.7,2.49,2.88
2013-05-01,0.07,0.14,0.3,0.52,1.05,1.55,2.16,2.95,3.3
2013-06-01,0.1,0.15,0.36,0.66,1.41,1.96,2.52,3.22,3.52
2013-07-01,0.08,0.11,0.31,0.61,1.38,2.0,2.6,3.34,3.64
2013-08-01,0.05,0.13,0.39,0.79,1.62,2.24,2.78,3.46,3.7
2013-09-01,0.04,0.1,0.33,0.63,1.39,2.02,2.64,3.41,3.69
2013-10-01,0.08,0.1,0.31,0.57,1.31,1.95,2.57,3.33,3.63
2013-11-01,0.11,0.13,0.28,0.56,1.37,2.1,2.75,3.54,3.82
2013-12-01,0.1,0.13,0.38,0.78,1.75,2.45,3.04,3.72,3.96
2014-01-01,0.06,0.1,0.34,0.69,1.49,2.13,2.67,3.35,3.61
2014-02-01,0.08,0.12,0.33,0.69,1.51,2.13,2.66,3.31,3.59
2014-03-01,0.07,0.13,0.44,0.9,1.73,2.3,2.73,3.31,3.56
2014-04-01,0.05,0.11,0.42,0.87,1.69,2.25,2.67,3.22,3.47
2014-05-01,0.06,0.1,0.37,0.79,1.54,2.06,2.48,3.05,3.33
2014-06-01,0.07,0.11,0.47,0.88,1.62,2.13,2.53,3.08,3.34
2014-07-01,0.05,0.12,0.53,1.02,1.76,2.24,2.58,3.07,3.32
2014-08-01,0.05,0.09,0.48,0.94,1.63,2.05,2.35,2.83,3.09
2014-09-01,0.03,0.13,0.58,1.07,1.78,2.22,2.52,2.98,3.21
2014-10-01,0.05,0.11,0.5,0.95,1.62,2.05,2.35,2.81,3.07
2014-11-01,0.07,0.13,0.47,0.88,1.49,1.89,2.18,2.62,2.89
2014-12-01,0.12,0.25,0.67,1.1,1.65,1.97,2.17,2.47,2.75
2015-01-01,0.07,0.18,0.47,0.77,1.18,1.49,1.68,2.04,2.25
2015-02-01,0.07,0.22,0.63,1.01,1.5,1.82,2.0,2.38,2.6
2015-03-01,0.14,0.26,0.56,0.89,1.37,1.71,1.94,2.31,2.54
2015-04-01,0.06,0.24,0.58,0.91,1.43,1.79,2.05,2.49,2.75
2015-05-01,0.06,0.26,0.61,0.94,1.49,1.86,2.12,2.63,2.88
2015-06-01,0.11,0.28,0.64,1.01,1.63,2.07,2.35,2.83,3.11
2015-07-01,0.14,0.33,0.67,1.0,1.54,1.93,2.2,2.61,2.92
2015-08-01,0.27,0.39,0.74,1.07,1.54,1.94,2.21,2.64,2.95
2015-09-01,0.08,0.33,0.64,0.92,1.37,1.75,2.06,2.51,2.87
2015-10-01,0.23,0.34,0.75,1.05,1.52,1.88,2.16,2.57,2.93
2015-11-01,0.42,0.51,0.94,1.24,1.65,1.99,2.21,2.63,2.98
2015-12-01,0.49,0.65,1.06,1.31,1.76,2.09,2.27,2.67,3.01
2016-01-01,0.43,0.47,0.76,0.97,1.33,1.67,1.94,2.36,2.75
2016-02-01,0.49,0.62,0.78,0.91,1.22,1.52,1.74,2.19,2.61
2016-03-01,0.39,0.59,0.73,0.87,1.21,1.54,1.78,2.2,2.61
2016-04-01,0.4,0.56,0.77,0.92,1.28,1.6,1.83,2.26,2.66
2016-05-01,0.49,0.68,0.87,1.03,1.37,1.66,1.84,2.23,2.64
2016-06-01,0.36,0.45,0.58,0.71,1.01,1.29,1.49,1.86,2.3
2016-07-01,0.38,0.5,0.67,0.76,1.03,1.29,1.46,1.78,2.18
2016-08-01,0.47,0.61,0.8,0.92,1.19,1.45,1.58,1.9,2.23
2016-09-01,0.45,0.59,0.77,0.88,1.14,1.42,1.6,1.99,2.32
2016-10-01,0.51,0.66,0.86,1.0,1.31,1.62,1.84,2.25,2.58
2016-11-01,0.62,0.8,1.11,1.4,1.83,2.18,2.37,2.73,3.02
2016-12-01,0.62,0.85,1.2,1.47,1.93,2.25,2.45,2.79,3.06
2017-01-01,0.64,0.84,1.19,1.46,1.9,2.24,2.45,2.78,3.05
2017-02-01,0.69,0.88,1.22,1.49,1.89,2.19,2.36,2.7,2.97
2017-03-01,0.91,1.03,1.27,1.5,1.93,2.22,2.4,2.76,3.02
2017-04-01,0.99,1.07,1.28,1.45,1.81,2.1,2.29,2.67,2.96
2017-05-01,1.08,1.17,1.28,1.44,1.75,2.02,2.21,2.6,2.87
2017-06-01,1.14,1.24,1.38,1.55,1.89,2.14,2.31,2.61,2.84
2017-07-01,1.13,1.23,1.34,1.51,1.84,2.11,2.3,2.66,2.89
2017-08-01,1.08,1.23,1.33,1.44,1.7,1.95,2.12,2.47,2.73
2017-09-01,1.2,1.31,1.47,1.62,1.92,2.16,2.33,2.63,2.86
2017-10-01,1.28,1.43,1.6,1.73,2.01,2.23,2.38,2.66,2.88
2017-11-01,1.44,1.62,1.78,1.9,2.14,2.31,2.42,2.65,2.83
2017-12-01,1.53,1.76,1.89,1.98,2.2,2.33,2.4,2.58,2.74
2018-01-01,1.66,1.9,2.14,2.29,2.52,2.66,2.72,2.83,2.95
2018-02-01,1.86,2.07,2.25,2.42,2.65,2.8,2.87,3.02,3.13
2018-03-01,1.93,2.09,2.27,2.39,2.56,2.68,2.74,2.85,2.97
2018-04-01,2.04,2.24,2.49,2.62,2.79,2.91,2.95,3.01,3.11
2018-05-01,2.08,2.23,2.4,2.54,2.68,2.78,2.83,2.91,3.0
2018-06-01,2.11,2.33,2.52,2.63,2.73,2.81,2.85,2.91,2.98
2018-07-01,2.21,2.44,2.67,2.77,2.85,2.92,2.96,3.03,3.08
2018-08-01,2.28,2.46,2.62,2.7,2.74,2.81,2.86,2.95,3.02
2018-09-01,2.36,2.59,2.81,2.88,2.94,3.01,3.05,3.13,3.19
2018-10-01,2.49,2.69,2.87,2.93,2.98,3.07,3.15,3.3,3.39
2018-11-01,2.52,2.7,2.8,2.83,2.84,2.92,3.01,3.19,3.3
2018-12-01,2.56,2.63,2.48,2.46,2.51,2.59,2.69,2.87,3.02
2019-01-01,2.46,2.55,2.45,2.43,2.43,2.51,2.63,2.83,2.99
2019-02-01,2.5,2.54,2.52,2.5,2.52,2.63,2.73,2.94,3.09
2019-03-01,2.44,2.4,2.27,2.21,2.23,2.31,2.41,2.63,2.81
2019-04-01,2.46,2.39,2.27,2.24,2.28,2.39,2.51,2.75,2.93
2019-05-01,2.35,2.21,1.95,1.9,1.93,2.03,2.14,2.39,2.58
2019-06-01,2.09,1.92,1.75,1.71,1.76,1.87,2.0,2.31,2.52
2019-07-01,2.1,2.0,1.89,1.84,1.84,1.92,2.02,2.31,2.53
2019-08-01,1.89,1.76,1.5,1.42,1.39,1.45,1.5,1.78,1.96
2019-09-01,1.83,1.75,1.63,1.56,1.55,1.62,1.68,1.94,2.12
2019-10-01,1.57,1.53,1.52,1.52,1.51,1.6,1.69,2.0,2.17
2019-11-01,1.63,1.6,1.61,1.61,1.62,1.73,1.78,2.07,2.21
2019-12-01,1.6,1.59,1.58,1.62,1.69,1.83,1.92,2.25,2.39
2020-01-01,1.54,1.45,1.33,1.3,1.32,1.42,1.51,1.83,1.99
2020-02-01,1.11,0.97,0.86,0.85,0.89,1.03,1.13,1.46,1.65
2020-03-01,0.15,0.17,0.23,0.29,0.37,0.55,0.7,1.15,1.35
2020-04-01,0.11,0.16,0.2,0.24,0.36,0.53,0.64,1.05,1.28
2020-05-01,0.18,0.17,0.16,0.19,0.3,0.5,0.65,1.18,1.41
2020-06-01,0.18,0.16,0.16,0.18,0.29,0.49,0.66,1.18,1.41
2020-07-01,0.1,0.11,0.11,0.11,0.21,0.39,0.55,0.98,1.2
2020-08-01,0.13,0.12,0.14,0.15,0.28,0.5,0.72,1.26,1.49
2020-09-01,0.11,0.12,0.13,0.16,0.28,0.47,0.69,1.23,1.46
2020-10-01,0.11,0.13,0.14,0.19,0.38,0.64,0.88,1.43,1.65
2020-11-01,0.09,0.11,0.16,0.19,0.36,0.62,0.84,1.37,1.58
2020-12-01,0.09,0.1,0.13,0.17,0.36,0.65,0.93,1.45,1.65
2021-01-01,0.07,0.1,0.11,0.19,0.45,0.79,1.11,1.68,1.87
2021-02-01,0.05,0.08,0.14,0.3,0.75,1.15,1.44,2.08,2.17
2021-03-01,0.05,0.07,0.16,0.35,0.92,1.4,1.74,2.31,2.41
2021-04-01,0.03,0.05,0.16,0.35,0.86,1.32,1.65,2.19,2.3
2021-05-01,0.03,0.05,0.14,0.3,0.79,1.24,1.58,2.18,2.26
2021-06-01,0.06,0.07,0.25,0.46,0.87,1.21,1.45,2.0,2.06
2021-07-01,0.05,0.07,0.19,0.35,0.69,1.0,1.24,1.81,1.89
2021-08-01,0.06,0.07,0.2,0.4,0.77,1.08,1.3,1.85,1.92
2021-09-01,0.05,0.09,0.28,0.53,0.98,1.32,1.52,2.02,2.08
2021-10-01,0.07,0.15,0.48,0.75,1.18,1.44,1.55,1.98,1.93
2021-11-01,0.1,0.24,0.52,0.81,1.14,1.36,1.43,1.85,1.78
2021-12-01,0.19,0.39,0.73,0.97,1.26,1.44,1.52,1.94,1.9
2022-01-01,0.49,0.78,1.18,1.39,1.62,1.75,1.79,2.17,2.11
2022-02-01,0.69,1.01,1.44,1.62,1.71,1.81,1.83,2.25,2.17
2022-03-01,1.06,1.63,2.28,2.45,2.42,2.4,2.32,2.59,2.44
2022-04-01,1.41,2.1,2.7,2.87,2.92,2.94,2.89,3.14,2.96
2022-05-01,1.64,2.08,2.53,2.71,2.81,2.87,2.85,3.28,3.07
2022-06-01,2.51,2.8,2.92,2.99,3.01,3.04,2.98,3.38,3.14
2022-07-01,2.91,2.98,2.89,2.83,2.7,2.7,2.67,3.2,3.0
2022-08-01,3.32,3.5,3.45,3.46,3.3,3.25,3.15,3.53,3.27
2022-09-01,3.92,4.05,4.22,4.25,4.06,3.97,3.83,4.08,3.79
2022-10-01,4.57,4.66,4.51,4.45,4.27,4.18,4.1,4.44,4.22
2022-11-01,4.7,4.74,4.38,4.13,3.82,3.76,3.68,4.0,3.8
2022-12-01,4.76,4.73,4.41,4.22,3.99,3.96,3.88,4.14,3.97
2023-01-01,4.8,4.68,4.21,3.9,3.63,3.59,3.52,3.78,3.65
2023-02-01,5.17,5.02,4.81,4.51,4.18,4.07,3.92,4.1,3.93
2023-03-01,4.94,4.64,4.06,3.81,3.6,3.55,3.48,3.81,3.67
2023-04-01,5.06,4.8,4.04,3.75,3.51,3.49,3.44,3.8,3.67
2023-05-01,5.46,5.18,4.4,4.04,3.74,3.69,3.64,4.01,3.85
2023-06-01,5.47,5.4,4.87,4.49,4.13,3.97,3.81,4.06,3.85
2023-07-01,5.53,5.37,4.88,4.51,4.18,4.08,3.97,4.22,4.02
2023-08-01,5.48,5.37,4.85,4.54,4.23,4.19,4.09,4.39,4.2
2023-09-01,5.53,5.46,5.03,4.8,4.6,4.61,4.59,4.92,4.73
2023-10-01,5.54,5.44,5.07,4.9,4.82,4.89,4.88,5.21,5.04
2023-11-01,5.38,5.16,4.73,4.48,4.31,4.38,4.37,4.72,4.54
2023-12-01,5.26,4.79,4.23,4.01,3.84,3.88,3.88,4.2,4.03
2024-01-01,5.18,4.73,4.27,4.05,3.91,3.95,3.99,4.34,4.22
2024-02-01,5.3,5.01,4.64,4.43,4.26,4.28,4.25,4.51,4.38
2024-03-01,5.38,5.03,4.59,4.4,4.21,4.2,4.2,4.45,4.34
2024-04-01,5.44,5.25,5.04,4.87,4.72,4.71,4.69,4.9,4.79
2024-05-01,5.42,5.18,4.89,4.69,4.52,4.52,4.51,4.73,4.65
2024-06-01,5.33,5.09,4.71,4.52,4.33,4.33,4.36,4.61,4.51
2024-07-01,5.14,4.73,4.29,4.1,3.97,4.0,4.09,4.44,4.35
2024-08-01,4.89,4.38,3.91,3.79,3.71,3.8,3.91,4.28,4.2
2024-09-01,4.38,3.98,3.66,3.58,3.58,3.67,3.81,4.19,4.14
2024-10-01,4.43,4.27,4.16,4.12,4.15,4.21,4.28,4.58,4.47
2024-11-01,4.42,4.3,4.13,4.1,4.05,4.1,4.18,4.45,4.36
2024-12-01,4.24,4.16,4.25,4.27,4.38,4.48,4.58,4.86,4.78
